ISO-10303-21;
HEADER;
FILE_DESCRIPTION(('Open CASCADE Model'),'2;1');
FILE_NAME('Open CASCADE Shape Model','2026-07-18T19:17:42',('Author'),(
    'Open CASCADE'),'Open CASCADE STEP processor 7.9','Open CASCADE 7.9'
  ,'Unknown');
FILE_SCHEMA(('AUTOMOTIVE_DESIGN { 1 0 10303 214 1 1 1 1 }'));
ENDSEC;
DATA;
#1 = APPLICATION_PROTOCOL_DEFINITION('international standard',
  'automotive_design',2000,#2);
#2 = APPLICATION_CONTEXT(
  'core data for automotive mechanical design processes');
#3 = SHAPE_DEFINITION_REPRESENTATION(#4,#10);
#4 = PRODUCT_DEFINITION_SHAPE('','',#5);
#5 = PRODUCT_DEFINITION('design','',#6,#9);
#6 = PRODUCT_DEFINITION_FORMATION('','',#7);
#7 = PRODUCT('seg_mid','seg_mid','',(#8));
#8 = PRODUCT_CONTEXT('',#2,'mechanical');
#9 = PRODUCT_DEFINITION_CONTEXT('part definition',#2,'design');
#10 = ADVANCED_BREP_SHAPE_REPRESENTATION('',(#11,#15),#2697);
#11 = AXIS2_PLACEMENT_3D('',#12,#13,#14);
#12 = CARTESIAN_POINT('',(0.,0.,0.));
#13 = DIRECTION('',(0.,0.,1.));
#14 = DIRECTION('',(1.,0.,-0.));
#15 = MANIFOLD_SOLID_BREP('',#16);
#16 = CLOSED_SHELL('',(#17,#310,#384,#598,#646,#839,#893,#947,#1001,
    #1055,#1109,#1277,#1438,#1487,#1606,#1656,#1706,#1861,#2024,#2137,
    #2232,#2259,#2286,#2313,#2340,#2417,#2444,#2451,#2478,#2555,#2582,
    #2589,#2616,#2643,#2670));
#17 = ADVANCED_FACE('',(#18,#135,#170,#205,#240,#275),#32,.F.);
#18 = FACE_BOUND('',#19,.F.);
#19 = EDGE_LOOP('',(#20,#55,#82,#110));
#20 = ORIENTED_EDGE('',*,*,#21,.F.);
#21 = EDGE_CURVE('',#22,#24,#26,.T.);
#22 = VERTEX_POINT('',#23);
#23 = CARTESIAN_POINT('',(-86.5,0.,-44.05));
#24 = VERTEX_POINT('',#25);
#25 = CARTESIAN_POINT('',(28.5,0.,-44.05));
#26 = SURFACE_CURVE('',#27,(#31,#43),.PCURVE_S1.);
#27 = LINE('',#28,#29);
#28 = CARTESIAN_POINT('',(-241.3,0.,-44.05));
#29 = VECTOR('',#30,1.);
#30 = DIRECTION('',(1.,0.,-0.));
#31 = PCURVE('',#32,#37);
#32 = PLANE('',#33);
#33 = AXIS2_PLACEMENT_3D('',#34,#35,#36);
#34 = CARTESIAN_POINT('',(-241.3,0.,-44.05));
#35 = DIRECTION('',(-0.,1.,0.));
#36 = DIRECTION('',(0.,0.,1.));
#37 = DEFINITIONAL_REPRESENTATION('',(#38),#42);
#38 = LINE('',#39,#40);
#39 = CARTESIAN_POINT('',(0.,0.));
#40 = VECTOR('',#41,1.);
#41 = DIRECTION('',(0.,1.));
#42 = ( GEOMETRIC_REPRESENTATION_CONTEXT(2) 
PARAMETRIC_REPRESENTATION_CONTEXT() REPRESENTATION_CONTEXT('2D SPACE',''
  ) );
#43 = PCURVE('',#44,#49);
#44 = PLANE('',#45);
#45 = AXIS2_PLACEMENT_3D('',#46,#47,#48);
#46 = CARTESIAN_POINT('',(-241.3,0.,-44.05));
#47 = DIRECTION('',(0.,0.,1.));
#48 = DIRECTION('',(1.,0.,-0.));
#49 = DEFINITIONAL_REPRESENTATION('',(#50),#54);
#50 = LINE('',#51,#52);
#51 = CARTESIAN_POINT('',(0.,0.));
#52 = VECTOR('',#53,1.);
#53 = DIRECTION('',(1.,0.));
#54 = ( GEOMETRIC_REPRESENTATION_CONTEXT(2) 
PARAMETRIC_REPRESENTATION_CONTEXT() REPRESENTATION_CONTEXT('2D SPACE',''
  ) );
#55 = ORIENTED_EDGE('',*,*,#56,.F.);
#56 = EDGE_CURVE('',#57,#22,#59,.T.);
#57 = VERTEX_POINT('',#58);
#58 = CARTESIAN_POINT('',(-86.5,0.,44.05));
#59 = SURFACE_CURVE('',#60,(#64,#70),.PCURVE_S1.);
#60 = LINE('',#61,#62);
#61 = CARTESIAN_POINT('',(-86.5,0.,-82.025));
#62 = VECTOR('',#63,1.);
#63 = DIRECTION('',(-0.,0.,-1.));
#64 = PCURVE('',#32,#65);
#65 = DEFINITIONAL_REPRESENTATION('',(#66),#69);
#66 = B_SPLINE_CURVE_WITH_KNOTS('',1,(#67,#68),.UNSPECIFIED.,.F.,.F.,(2,
    2),(-126.075,-37.975),.PIECEWISE_BEZIER_KNOTS.);
#67 = CARTESIAN_POINT('',(88.1,154.8));
#68 = CARTESIAN_POINT('',(0.,154.8));
#69 = ( GEOMETRIC_REPRESENTATION_CONTEXT(2) 
PARAMETRIC_REPRESENTATION_CONTEXT() REPRESENTATION_CONTEXT('2D SPACE',''
  ) );
#70 = PCURVE('',#71,#76);
#71 = PLANE('',#72);
#72 = AXIS2_PLACEMENT_3D('',#73,#74,#75);
#73 = CARTESIAN_POINT('',(-86.5,-60.,-120.));
#74 = DIRECTION('',(1.,0.,-0.));
#75 = DIRECTION('',(0.,0.,1.));
#76 = DEFINITIONAL_REPRESENTATION('',(#77),#81);
#77 = LINE('',#78,#79);
#78 = CARTESIAN_POINT('',(37.975,-60.));
#79 = VECTOR('',#80,1.);
#80 = DIRECTION('',(-1.,-0.));
#81 = ( GEOMETRIC_REPRESENTATION_CONTEXT(2) 
PARAMETRIC_REPRESENTATION_CONTEXT() REPRESENTATION_CONTEXT('2D SPACE',''
  ) );
#82 = ORIENTED_EDGE('',*,*,#83,.T.);
#83 = EDGE_CURVE('',#57,#84,#86,.T.);
#84 = VERTEX_POINT('',#85);
#85 = CARTESIAN_POINT('',(28.5,0.,44.05));
#86 = SURFACE_CURVE('',#87,(#91,#98),.PCURVE_S1.);
#87 = LINE('',#88,#89);
#88 = CARTESIAN_POINT('',(-241.3,0.,44.05));
#89 = VECTOR('',#90,1.);
#90 = DIRECTION('',(1.,0.,-0.));
#91 = PCURVE('',#32,#92);
#92 = DEFINITIONAL_REPRESENTATION('',(#93),#97);
#93 = LINE('',#94,#95);
#94 = CARTESIAN_POINT('',(88.1,0.));
#95 = VECTOR('',#96,1.);
#96 = DIRECTION('',(0.,1.));
#97 = ( GEOMETRIC_REPRESENTATION_CONTEXT(2) 
PARAMETRIC_REPRESENTATION_CONTEXT() REPRESENTATION_CONTEXT('2D SPACE',''
  ) );
#98 = PCURVE('',#99,#104);
#99 = PLANE('',#100);
#100 = AXIS2_PLACEMENT_3D('',#101,#102,#103);
#101 = CARTESIAN_POINT('',(-241.3,0.,44.05));
#102 = DIRECTION('',(0.,0.,1.));
#103 = DIRECTION('',(1.,0.,-0.));
#104 = DEFINITIONAL_REPRESENTATION('',(#105),#109);
#105 = LINE('',#106,#107);
#106 = CARTESIAN_POINT('',(0.,0.));
#107 = VECTOR('',#108,1.);
#108 = DIRECTION('',(1.,0.));
#109 = ( GEOMETRIC_REPRESENTATION_CONTEXT(2) 
PARAMETRIC_REPRESENTATION_CONTEXT() REPRESENTATION_CONTEXT('2D SPACE',''
  ) );
#110 = ORIENTED_EDGE('',*,*,#111,.T.);
#111 = EDGE_CURVE('',#84,#24,#112,.T.);
#112 = SURFACE_CURVE('',#113,(#117,#123),.PCURVE_S1.);
#113 = LINE('',#114,#115);
#114 = CARTESIAN_POINT('',(28.5,0.,-82.025));
#115 = VECTOR('',#116,1.);
#116 = DIRECTION('',(-0.,0.,-1.));
#117 = PCURVE('',#32,#118);
#118 = DEFINITIONAL_REPRESENTATION('',(#119),#122);
#119 = B_SPLINE_CURVE_WITH_KNOTS('',1,(#120,#121),.UNSPECIFIED.,.F.,.F.,
  (2,2),(-126.075,-37.975),.PIECEWISE_BEZIER_KNOTS.);
#120 = CARTESIAN_POINT('',(88.1,269.8));
#121 = CARTESIAN_POINT('',(0.,269.8));
#122 = ( GEOMETRIC_REPRESENTATION_CONTEXT(2) 
PARAMETRIC_REPRESENTATION_CONTEXT() REPRESENTATION_CONTEXT('2D SPACE',''
  ) );
#123 = PCURVE('',#124,#129);
#124 = PLANE('',#125);
#125 = AXIS2_PLACEMENT_3D('',#126,#127,#128);
#126 = CARTESIAN_POINT('',(28.5,-60.,-120.));
#127 = DIRECTION('',(1.,0.,-0.));
#128 = DIRECTION('',(0.,0.,1.));
#129 = DEFINITIONAL_REPRESENTATION('',(#130),#134);
#130 = LINE('',#131,#132);
#131 = CARTESIAN_POINT('',(37.975,-60.));
#132 = VECTOR('',#133,1.);
#133 = DIRECTION('',(-1.,-0.));
#134 = ( GEOMETRIC_REPRESENTATION_CONTEXT(2) 
PARAMETRIC_REPRESENTATION_CONTEXT() REPRESENTATION_CONTEXT('2D SPACE',''
  ) );
#135 = FACE_BOUND('',#136,.F.);
#136 = EDGE_LOOP('',(#137));
#137 = ORIENTED_EDGE('',*,*,#138,.T.);
#138 = EDGE_CURVE('',#139,#139,#141,.T.);
#139 = VERTEX_POINT('',#140);
#140 = CARTESIAN_POINT('',(-62.5,0.,-35.75));
#141 = SURFACE_CURVE('',#142,(#147,#158),.PCURVE_S1.);
#142 = CIRCLE('',#143,2.25);
#143 = AXIS2_PLACEMENT_3D('',#144,#145,#146);
#144 = CARTESIAN_POINT('',(-64.75,0.,-35.75));
#145 = DIRECTION('',(0.,-1.,2.22044604925E-16));
#146 = DIRECTION('',(1.,0.,0.));
#147 = PCURVE('',#32,#148);
#148 = DEFINITIONAL_REPRESENTATION('',(#149),#157);
#149 = ( BOUNDED_CURVE() B_SPLINE_CURVE(2,(#150,#151,#152,#153,#154,#155
,#156),.UNSPECIFIED.,.T.,.F.) B_SPLINE_CURVE_WITH_KNOTS((1,2,2,2,2,1),(
    -2.094395102393,0.,2.094395102393,4.188790204786,6.28318530718,
8.377580409573),.UNSPECIFIED.) CURVE() GEOMETRIC_REPRESENTATION_ITEM() 
RATIONAL_B_SPLINE_CURVE((1.,0.5,1.,0.5,1.,0.5,1.)) REPRESENTATION_ITEM(
  '') );
#150 = CARTESIAN_POINT('',(8.3,178.8));
#151 = CARTESIAN_POINT('',(12.19711431703,178.8));
#152 = CARTESIAN_POINT('',(10.248557158515,175.425));
#153 = CARTESIAN_POINT('',(8.3,172.05));
#154 = CARTESIAN_POINT('',(6.351442841485,175.425));
#155 = CARTESIAN_POINT('',(4.40288568297,178.8));
#156 = CARTESIAN_POINT('',(8.3,178.8));
#157 = ( GEOMETRIC_REPRESENTATION_CONTEXT(2) 
PARAMETRIC_REPRESENTATION_CONTEXT() REPRESENTATION_CONTEXT('2D SPACE',''
  ) );
#158 = PCURVE('',#159,#164);
#159 = CYLINDRICAL_SURFACE('',#160,2.25);
#160 = AXIS2_PLACEMENT_3D('',#161,#162,#163);
#161 = CARTESIAN_POINT('',(-64.75,5.,-35.75));
#162 = DIRECTION('',(0.,-1.,2.22044604925E-16));
#163 = DIRECTION('',(1.,0.,0.));
#164 = DEFINITIONAL_REPRESENTATION('',(#165),#169);
#165 = LINE('',#166,#167);
#166 = CARTESIAN_POINT('',(0.,5.));
#167 = VECTOR('',#168,1.);
#168 = DIRECTION('',(1.,0.));
#169 = ( GEOMETRIC_REPRESENTATION_CONTEXT(2) 
PARAMETRIC_REPRESENTATION_CONTEXT() REPRESENTATION_CONTEXT('2D SPACE',''
  ) );
#170 = FACE_BOUND('',#171,.F.);
#171 = EDGE_LOOP('',(#172));
#172 = ORIENTED_EDGE('',*,*,#173,.T.);
#173 = EDGE_CURVE('',#174,#174,#176,.T.);
#174 = VERTEX_POINT('',#175);
#175 = CARTESIAN_POINT('',(9.,0.,-8.974248766132E-15));
#176 = SURFACE_CURVE('',#177,(#182,#193),.PCURVE_S1.);
#177 = CIRCLE('',#178,38.);
#178 = AXIS2_PLACEMENT_3D('',#179,#180,#181);
#179 = CARTESIAN_POINT('',(-29.,0.,3.330669073875E-16));
#180 = DIRECTION('',(0.,-1.,2.22044604925E-16));
#181 = DIRECTION('',(1.,0.,0.));
#182 = PCURVE('',#32,#183);
#183 = DEFINITIONAL_REPRESENTATION('',(#184),#192);
#184 = ( BOUNDED_CURVE() B_SPLINE_CURVE(2,(#185,#186,#187,#188,#189,#190
,#191),.UNSPECIFIED.,.T.,.F.) B_SPLINE_CURVE_WITH_KNOTS((1,2,2,2,2,1),(
    -2.094395102393,0.,2.094395102393,4.188790204786,6.28318530718,
8.377580409573),.UNSPECIFIED.) CURVE() GEOMETRIC_REPRESENTATION_ITEM() 
RATIONAL_B_SPLINE_CURVE((1.,0.5,1.,0.5,1.,0.5,1.)) REPRESENTATION_ITEM(
  '') );
#185 = CARTESIAN_POINT('',(44.05,250.3));
#186 = CARTESIAN_POINT('',(109.86793068761,250.3));
#187 = CARTESIAN_POINT('',(76.958965343809,193.3));
#188 = CARTESIAN_POINT('',(44.05,136.3));
#189 = CARTESIAN_POINT('',(11.141034656191,193.3));
#190 = CARTESIAN_POINT('',(-21.76793068761,250.3));
#191 = CARTESIAN_POINT('',(44.05,250.3));
#192 = ( GEOMETRIC_REPRESENTATION_CONTEXT(2) 
PARAMETRIC_REPRESENTATION_CONTEXT() REPRESENTATION_CONTEXT('2D SPACE',''
  ) );
#193 = PCURVE('',#194,#199);
#194 = CYLINDRICAL_SURFACE('',#195,38.);
#195 = AXIS2_PLACEMENT_3D('',#196,#197,#198);
#196 = CARTESIAN_POINT('',(-29.,5.,-7.771561172376E-16));
#197 = DIRECTION('',(0.,-1.,2.22044604925E-16));
#198 = DIRECTION('',(1.,0.,0.));
#199 = DEFINITIONAL_REPRESENTATION('',(#200),#204);
#200 = LINE('',#201,#202);
#201 = CARTESIAN_POINT('',(0.,5.));
#202 = VECTOR('',#203,1.);
#203 = DIRECTION('',(1.,0.));
#204 = ( GEOMETRIC_REPRESENTATION_CONTEXT(2) 
PARAMETRIC_REPRESENTATION_CONTEXT() REPRESENTATION_CONTEXT('2D SPACE',''
  ) );
#205 = FACE_BOUND('',#206,.F.);
#206 = EDGE_LOOP('',(#207));
#207 = ORIENTED_EDGE('',*,*,#208,.T.);
#208 = EDGE_CURVE('',#209,#209,#211,.T.);
#209 = VERTEX_POINT('',#210);
#210 = CARTESIAN_POINT('',(-62.5,0.,35.75));
#211 = SURFACE_CURVE('',#212,(#217,#228),.PCURVE_S1.);
#212 = CIRCLE('',#213,2.25);
#213 = AXIS2_PLACEMENT_3D('',#214,#215,#216);
#214 = CARTESIAN_POINT('',(-64.75,0.,35.75));
#215 = DIRECTION('',(0.,-1.,2.22044604925E-16));
#216 = DIRECTION('',(1.,0.,0.));
#217 = PCURVE('',#32,#218);
#218 = DEFINITIONAL_REPRESENTATION('',(#219),#227);
#219 = ( BOUNDED_CURVE() B_SPLINE_CURVE(2,(#220,#221,#222,#223,#224,#225
,#226),.UNSPECIFIED.,.T.,.F.) B_SPLINE_CURVE_WITH_KNOTS((1,2,2,2,2,1),(
    -2.094395102393,0.,2.094395102393,4.188790204786,6.28318530718,
8.377580409573),.UNSPECIFIED.) CURVE() GEOMETRIC_REPRESENTATION_ITEM() 
RATIONAL_B_SPLINE_CURVE((1.,0.5,1.,0.5,1.,0.5,1.)) REPRESENTATION_ITEM(
  '') );
#220 = CARTESIAN_POINT('',(79.8,178.8));
#221 = CARTESIAN_POINT('',(83.69711431703,178.8));
#222 = CARTESIAN_POINT('',(81.748557158515,175.425));
#223 = CARTESIAN_POINT('',(79.8,172.05));
#224 = CARTESIAN_POINT('',(77.851442841485,175.425));
#225 = CARTESIAN_POINT('',(75.90288568297,178.8));
#226 = CARTESIAN_POINT('',(79.8,178.8));
#227 = ( GEOMETRIC_REPRESENTATION_CONTEXT(2) 
PARAMETRIC_REPRESENTATION_CONTEXT() REPRESENTATION_CONTEXT('2D SPACE',''
  ) );
#228 = PCURVE('',#229,#234);
#229 = CYLINDRICAL_SURFACE('',#230,2.25);
#230 = AXIS2_PLACEMENT_3D('',#231,#232,#233);
#231 = CARTESIAN_POINT('',(-64.75,5.,35.75));
#232 = DIRECTION('',(0.,-1.,2.22044604925E-16));
#233 = DIRECTION('',(1.,0.,0.));
#234 = DEFINITIONAL_REPRESENTATION('',(#235),#239);
#235 = LINE('',#236,#237);
#236 = CARTESIAN_POINT('',(0.,5.));
#237 = VECTOR('',#238,1.);
#238 = DIRECTION('',(1.,0.));
#239 = ( GEOMETRIC_REPRESENTATION_CONTEXT(2) 
PARAMETRIC_REPRESENTATION_CONTEXT() REPRESENTATION_CONTEXT('2D SPACE',''
  ) );
#240 = FACE_BOUND('',#241,.F.);
#241 = EDGE_LOOP('',(#242));
#242 = ORIENTED_EDGE('',*,*,#243,.T.);
#243 = EDGE_CURVE('',#244,#244,#246,.T.);
#244 = VERTEX_POINT('',#245);
#245 = CARTESIAN_POINT('',(9.,0.,-35.75));
#246 = SURFACE_CURVE('',#247,(#252,#263),.PCURVE_S1.);
#247 = CIRCLE('',#248,2.25);
#248 = AXIS2_PLACEMENT_3D('',#249,#250,#251);
#249 = CARTESIAN_POINT('',(6.75,0.,-35.75));
#250 = DIRECTION('',(0.,-1.,2.22044604925E-16));
#251 = DIRECTION('',(1.,0.,0.));
#252 = PCURVE('',#32,#253);
#253 = DEFINITIONAL_REPRESENTATION('',(#254),#262);
#254 = ( BOUNDED_CURVE() B_SPLINE_CURVE(2,(#255,#256,#257,#258,#259,#260
,#261),.UNSPECIFIED.,.T.,.F.) B_SPLINE_CURVE_WITH_KNOTS((1,2,2,2,2,1),(
    -2.094395102393,0.,2.094395102393,4.188790204786,6.28318530718,
8.377580409573),.UNSPECIFIED.) CURVE() GEOMETRIC_REPRESENTATION_ITEM() 
RATIONAL_B_SPLINE_CURVE((1.,0.5,1.,0.5,1.,0.5,1.)) REPRESENTATION_ITEM(
  '') );
#255 = CARTESIAN_POINT('',(8.3,250.3));
#256 = CARTESIAN_POINT('',(12.19711431703,250.3));
#257 = CARTESIAN_POINT('',(10.248557158515,246.925));
#258 = CARTESIAN_POINT('',(8.3,243.55));
#259 = CARTESIAN_POINT('',(6.351442841485,246.925));
#260 = CARTESIAN_POINT('',(4.40288568297,250.3));
#261 = CARTESIAN_POINT('',(8.3,250.3));
#262 = ( GEOMETRIC_REPRESENTATION_CONTEXT(2) 
PARAMETRIC_REPRESENTATION_CONTEXT() REPRESENTATION_CONTEXT('2D SPACE',''
  ) );
#263 = PCURVE('',#264,#269);
#264 = CYLINDRICAL_SURFACE('',#265,2.25);
#265 = AXIS2_PLACEMENT_3D('',#266,#267,#268);
#266 = CARTESIAN_POINT('',(6.75,5.,-35.75));
#267 = DIRECTION('',(0.,-1.,2.22044604925E-16));
#268 = DIRECTION('',(1.,0.,0.));
#269 = DEFINITIONAL_REPRESENTATION('',(#270),#274);
#270 = LINE('',#271,#272);
#271 = CARTESIAN_POINT('',(0.,5.));
#272 = VECTOR('',#273,1.);
#273 = DIRECTION('',(1.,0.));
#274 = ( GEOMETRIC_REPRESENTATION_CONTEXT(2) 
PARAMETRIC_REPRESENTATION_CONTEXT() REPRESENTATION_CONTEXT('2D SPACE',''
  ) );
#275 = FACE_BOUND('',#276,.F.);
#276 = EDGE_LOOP('',(#277));
#277 = ORIENTED_EDGE('',*,*,#278,.T.);
#278 = EDGE_CURVE('',#279,#279,#281,.T.);
#279 = VERTEX_POINT('',#280);
#280 = CARTESIAN_POINT('',(9.,0.,35.75));
#281 = SURFACE_CURVE('',#282,(#287,#298),.PCURVE_S1.);
#282 = CIRCLE('',#283,2.25);
#283 = AXIS2_PLACEMENT_3D('',#284,#285,#286);
#284 = CARTESIAN_POINT('',(6.75,0.,35.75));
#285 = DIRECTION('',(0.,-1.,2.22044604925E-16));
#286 = DIRECTION('',(1.,0.,0.));
#287 = PCURVE('',#32,#288);
#288 = DEFINITIONAL_REPRESENTATION('',(#289),#297);
#289 = ( BOUNDED_CURVE() B_SPLINE_CURVE(2,(#290,#291,#292,#293,#294,#295
,#296),.UNSPECIFIED.,.T.,.F.) B_SPLINE_CURVE_WITH_KNOTS((1,2,2,2,2,1),(
    -2.094395102393,0.,2.094395102393,4.188790204786,6.28318530718,
8.377580409573),.UNSPECIFIED.) CURVE() GEOMETRIC_REPRESENTATION_ITEM() 
RATIONAL_B_SPLINE_CURVE((1.,0.5,1.,0.5,1.,0.5,1.)) REPRESENTATION_ITEM(
  '') );
#290 = CARTESIAN_POINT('',(79.8,250.3));
#291 = CARTESIAN_POINT('',(83.69711431703,250.3));
#292 = CARTESIAN_POINT('',(81.748557158515,246.925));
#293 = CARTESIAN_POINT('',(79.8,243.55));
#294 = CARTESIAN_POINT('',(77.851442841485,246.925));
#295 = CARTESIAN_POINT('',(75.90288568297,250.3));
#296 = CARTESIAN_POINT('',(79.8,250.3));
#297 = ( GEOMETRIC_REPRESENTATION_CONTEXT(2) 
PARAMETRIC_REPRESENTATION_CONTEXT() REPRESENTATION_CONTEXT('2D SPACE',''
  ) );
#298 = PCURVE('',#299,#304);
#299 = CYLINDRICAL_SURFACE('',#300,2.25);
#300 = AXIS2_PLACEMENT_3D('',#301,#302,#303);
#301 = CARTESIAN_POINT('',(6.75,5.,35.75));
#302 = DIRECTION('',(0.,-1.,2.22044604925E-16));
#303 = DIRECTION('',(1.,0.,0.));
#304 = DEFINITIONAL_REPRESENTATION('',(#305),#309);
#305 = LINE('',#306,#307);
#306 = CARTESIAN_POINT('',(0.,5.));
#307 = VECTOR('',#308,1.);
#308 = DIRECTION('',(1.,0.));
#309 = ( GEOMETRIC_REPRESENTATION_CONTEXT(2) 
PARAMETRIC_REPRESENTATION_CONTEXT() REPRESENTATION_CONTEXT('2D SPACE',''
  ) );
#310 = ADVANCED_FACE('',(#311),#44,.F.);
#311 = FACE_BOUND('',#312,.F.);
#312 = EDGE_LOOP('',(#313,#343,#363,#364));
#313 = ORIENTED_EDGE('',*,*,#314,.F.);
#314 = EDGE_CURVE('',#315,#317,#319,.T.);
#315 = VERTEX_POINT('',#316);
#316 = CARTESIAN_POINT('',(-86.5,3.,-44.05));
#317 = VERTEX_POINT('',#318);
#318 = CARTESIAN_POINT('',(28.5,3.,-44.05));
#319 = SURFACE_CURVE('',#320,(#324,#331),.PCURVE_S1.);
#320 = LINE('',#321,#322);
#321 = CARTESIAN_POINT('',(-241.3,3.,-44.05));
#322 = VECTOR('',#323,1.);
#323 = DIRECTION('',(1.,0.,-0.));
#324 = PCURVE('',#44,#325);
#325 = DEFINITIONAL_REPRESENTATION('',(#326),#330);
#326 = LINE('',#327,#328);
#327 = CARTESIAN_POINT('',(0.,3.));
#328 = VECTOR('',#329,1.);
#329 = DIRECTION('',(1.,0.));
#330 = ( GEOMETRIC_REPRESENTATION_CONTEXT(2) 
PARAMETRIC_REPRESENTATION_CONTEXT() REPRESENTATION_CONTEXT('2D SPACE',''
  ) );
#331 = PCURVE('',#332,#337);
#332 = PLANE('',#333);
#333 = AXIS2_PLACEMENT_3D('',#334,#335,#336);
#334 = CARTESIAN_POINT('',(-241.3,3.,-44.05));
#335 = DIRECTION('',(-0.,1.,0.));
#336 = DIRECTION('',(0.,0.,1.));
#337 = DEFINITIONAL_REPRESENTATION('',(#338),#342);
#338 = LINE('',#339,#340);
#339 = CARTESIAN_POINT('',(0.,0.));
#340 = VECTOR('',#341,1.);
#341 = DIRECTION('',(0.,1.));
#342 = ( GEOMETRIC_REPRESENTATION_CONTEXT(2) 
PARAMETRIC_REPRESENTATION_CONTEXT() REPRESENTATION_CONTEXT('2D SPACE',''
  ) );
#343 = ORIENTED_EDGE('',*,*,#344,.F.);
#344 = EDGE_CURVE('',#22,#315,#345,.T.);
#345 = SURFACE_CURVE('',#346,(#350,#356),.PCURVE_S1.);
#346 = LINE('',#347,#348);
#347 = CARTESIAN_POINT('',(-86.5,-30.,-44.05));
#348 = VECTOR('',#349,1.);
#349 = DIRECTION('',(-0.,1.,0.));
#350 = PCURVE('',#44,#351);
#351 = DEFINITIONAL_REPRESENTATION('',(#352),#355);
#352 = B_SPLINE_CURVE_WITH_KNOTS('',1,(#353,#354),.UNSPECIFIED.,.F.,.F.,
  (2,2),(30.,33.),.PIECEWISE_BEZIER_KNOTS.);
#353 = CARTESIAN_POINT('',(154.8,0.));
#354 = CARTESIAN_POINT('',(154.8,3.));
#355 = ( GEOMETRIC_REPRESENTATION_CONTEXT(2) 
PARAMETRIC_REPRESENTATION_CONTEXT() REPRESENTATION_CONTEXT('2D SPACE',''
  ) );
#356 = PCURVE('',#71,#357);
#357 = DEFINITIONAL_REPRESENTATION('',(#358),#362);
#358 = LINE('',#359,#360);
#359 = CARTESIAN_POINT('',(75.95,-30.));
#360 = VECTOR('',#361,1.);
#361 = DIRECTION('',(0.,-1.));
#362 = ( GEOMETRIC_REPRESENTATION_CONTEXT(2) 
PARAMETRIC_REPRESENTATION_CONTEXT() REPRESENTATION_CONTEXT('2D SPACE',''
  ) );
#363 = ORIENTED_EDGE('',*,*,#21,.T.);
#364 = ORIENTED_EDGE('',*,*,#365,.T.);
#365 = EDGE_CURVE('',#24,#317,#366,.T.);
#366 = SURFACE_CURVE('',#367,(#371,#377),.PCURVE_S1.);
#367 = LINE('',#368,#369);
#368 = CARTESIAN_POINT('',(28.5,-30.,-44.05));
#369 = VECTOR('',#370,1.);
#370 = DIRECTION('',(-0.,1.,0.));
#371 = PCURVE('',#44,#372);
#372 = DEFINITIONAL_REPRESENTATION('',(#373),#376);
#373 = B_SPLINE_CURVE_WITH_KNOTS('',1,(#374,#375),.UNSPECIFIED.,.F.,.F.,
  (2,2),(30.,33.),.PIECEWISE_BEZIER_KNOTS.);
#374 = CARTESIAN_POINT('',(269.8,0.));
#375 = CARTESIAN_POINT('',(269.8,3.));
#376 = ( GEOMETRIC_REPRESENTATION_CONTEXT(2) 
PARAMETRIC_REPRESENTATION_CONTEXT() REPRESENTATION_CONTEXT('2D SPACE',''
  ) );
#377 = PCURVE('',#124,#378);
#378 = DEFINITIONAL_REPRESENTATION('',(#379),#383);
#379 = LINE('',#380,#381);
#380 = CARTESIAN_POINT('',(75.95,-30.));
#381 = VECTOR('',#382,1.);
#382 = DIRECTION('',(0.,-1.));
#383 = ( GEOMETRIC_REPRESENTATION_CONTEXT(2) 
PARAMETRIC_REPRESENTATION_CONTEXT() REPRESENTATION_CONTEXT('2D SPACE',''
  ) );
#384 = ADVANCED_FACE('',(#385,#536,#567),#124,.T.);
#385 = FACE_BOUND('',#386,.T.);
#386 = EDGE_LOOP('',(#387,#409,#410,#411,#433,#461,#488,#516));
#387 = ORIENTED_EDGE('',*,*,#388,.F.);
#388 = EDGE_CURVE('',#84,#389,#391,.T.);
#389 = VERTEX_POINT('',#390);
#390 = CARTESIAN_POINT('',(28.5,3.,44.05));
#391 = SURFACE_CURVE('',#392,(#396,#403),.PCURVE_S1.);
#392 = LINE('',#393,#394);
#393 = CARTESIAN_POINT('',(28.5,-30.,44.05));
#394 = VECTOR('',#395,1.);
#395 = DIRECTION('',(-0.,1.,0.));
#396 = PCURVE('',#124,#397);
#397 = DEFINITIONAL_REPRESENTATION('',(#398),#402);
#398 = LINE('',#399,#400);
#399 = CARTESIAN_POINT('',(164.05,-30.));
#400 = VECTOR('',#401,1.);
#401 = DIRECTION('',(0.,-1.));
#402 = ( GEOMETRIC_REPRESENTATION_CONTEXT(2) 
PARAMETRIC_REPRESENTATION_CONTEXT() REPRESENTATION_CONTEXT('2D SPACE',''
  ) );
#403 = PCURVE('',#99,#404);
#404 = DEFINITIONAL_REPRESENTATION('',(#405),#408);
#405 = B_SPLINE_CURVE_WITH_KNOTS('',1,(#406,#407),.UNSPECIFIED.,.F.,.F.,
  (2,2),(30.,33.),.PIECEWISE_BEZIER_KNOTS.);
#406 = CARTESIAN_POINT('',(269.8,0.));
#407 = CARTESIAN_POINT('',(269.8,3.));
#408 = ( GEOMETRIC_REPRESENTATION_CONTEXT(2) 
PARAMETRIC_REPRESENTATION_CONTEXT() REPRESENTATION_CONTEXT('2D SPACE',''
  ) );
#409 = ORIENTED_EDGE('',*,*,#111,.T.);
#410 = ORIENTED_EDGE('',*,*,#365,.T.);
#411 = ORIENTED_EDGE('',*,*,#412,.F.);
#412 = EDGE_CURVE('',#413,#317,#415,.T.);
#413 = VERTEX_POINT('',#414);
#414 = CARTESIAN_POINT('',(28.5,3.,-42.));
#415 = SURFACE_CURVE('',#416,(#420,#427),.PCURVE_S1.);
#416 = LINE('',#417,#418);
#417 = CARTESIAN_POINT('',(28.5,3.,-82.025));
#418 = VECTOR('',#419,1.);
#419 = DIRECTION('',(-0.,0.,-1.));
#420 = PCURVE('',#124,#421);
#421 = DEFINITIONAL_REPRESENTATION('',(#422),#426);
#422 = LINE('',#423,#424);
#423 = CARTESIAN_POINT('',(37.975,-63.));
#424 = VECTOR('',#425,1.);
#425 = DIRECTION('',(-1.,-0.));
#426 = ( GEOMETRIC_REPRESENTATION_CONTEXT(2) 
PARAMETRIC_REPRESENTATION_CONTEXT() REPRESENTATION_CONTEXT('2D SPACE',''
  ) );
#427 = PCURVE('',#332,#428);
#428 = DEFINITIONAL_REPRESENTATION('',(#429),#432);
#429 = B_SPLINE_CURVE_WITH_KNOTS('',1,(#430,#431),.UNSPECIFIED.,.F.,.F.,
  (2,2),(-126.075,-37.975),.PIECEWISE_BEZIER_KNOTS.);
#430 = CARTESIAN_POINT('',(88.1,269.8));
#431 = CARTESIAN_POINT('',(0.,269.8));
#432 = ( GEOMETRIC_REPRESENTATION_CONTEXT(2) 
PARAMETRIC_REPRESENTATION_CONTEXT() REPRESENTATION_CONTEXT('2D SPACE',''
  ) );
#433 = ORIENTED_EDGE('',*,*,#434,.T.);
#434 = EDGE_CURVE('',#413,#435,#437,.T.);
#435 = VERTEX_POINT('',#436);
#436 = CARTESIAN_POINT('',(28.5,8.5,-42.));
#437 = SURFACE_CURVE('',#438,(#442,#449),.PCURVE_S1.);
#438 = LINE('',#439,#440);
#439 = CARTESIAN_POINT('',(28.5,3.,-42.));
#440 = VECTOR('',#441,1.);
#441 = DIRECTION('',(-0.,1.,0.));
#442 = PCURVE('',#124,#443);
#443 = DEFINITIONAL_REPRESENTATION('',(#444),#448);
#444 = LINE('',#445,#446);
#445 = CARTESIAN_POINT('',(78.,-63.));
#446 = VECTOR('',#447,1.);
#447 = DIRECTION('',(0.,-1.));
#448 = ( GEOMETRIC_REPRESENTATION_CONTEXT(2) 
PARAMETRIC_REPRESENTATION_CONTEXT() REPRESENTATION_CONTEXT('2D SPACE',''
  ) );
#449 = PCURVE('',#450,#455);
#450 = PLANE('',#451);
#451 = AXIS2_PLACEMENT_3D('',#452,#453,#454);
#452 = CARTESIAN_POINT('',(22.5,3.,-42.));
#453 = DIRECTION('',(0.,0.,1.));
#454 = DIRECTION('',(1.,0.,-0.));
#455 = DEFINITIONAL_REPRESENTATION('',(#456),#460);
#456 = LINE('',#457,#458);
#457 = CARTESIAN_POINT('',(6.,0.));
#458 = VECTOR('',#459,1.);
#459 = DIRECTION('',(0.,1.));
#460 = ( GEOMETRIC_REPRESENTATION_CONTEXT(2) 
PARAMETRIC_REPRESENTATION_CONTEXT() REPRESENTATION_CONTEXT('2D SPACE',''
  ) );
#461 = ORIENTED_EDGE('',*,*,#462,.T.);
#462 = EDGE_CURVE('',#435,#463,#465,.T.);
#463 = VERTEX_POINT('',#464);
#464 = CARTESIAN_POINT('',(28.5,8.5,42.));
#465 = SURFACE_CURVE('',#466,(#470,#477),.PCURVE_S1.);
#466 = LINE('',#467,#468);
#467 = CARTESIAN_POINT('',(28.5,8.5,-42.5));
#468 = VECTOR('',#469,1.);
#469 = DIRECTION('',(0.,0.,1.));
#470 = PCURVE('',#124,#471);
#471 = DEFINITIONAL_REPRESENTATION('',(#472),#476);
#472 = LINE('',#473,#474);
#473 = CARTESIAN_POINT('',(77.5,-68.5));
#474 = VECTOR('',#475,1.);
#475 = DIRECTION('',(1.,0.));
#476 = ( GEOMETRIC_REPRESENTATION_CONTEXT(2) 
PARAMETRIC_REPRESENTATION_CONTEXT() REPRESENTATION_CONTEXT('2D SPACE',''
  ) );
#477 = PCURVE('',#478,#483);
#478 = PLANE('',#479);
#479 = AXIS2_PLACEMENT_3D('',#480,#481,#482);
#480 = CARTESIAN_POINT('',(26.3,8.5,-43.));
#481 = DIRECTION('',(-0.,1.,0.));
#482 = DIRECTION('',(0.,0.,1.));
#483 = DEFINITIONAL_REPRESENTATION('',(#484),#487);
#484 = B_SPLINE_CURVE_WITH_KNOTS('',1,(#485,#486),.UNSPECIFIED.,.F.,.F.,
  (2,2),(0.5,84.5),.PIECEWISE_BEZIER_KNOTS.);
#485 = CARTESIAN_POINT('',(1.,2.2));
#486 = CARTESIAN_POINT('',(85.,2.2));
#487 = ( GEOMETRIC_REPRESENTATION_CONTEXT(2) 
PARAMETRIC_REPRESENTATION_CONTEXT() REPRESENTATION_CONTEXT('2D SPACE',''
  ) );
#488 = ORIENTED_EDGE('',*,*,#489,.F.);
#489 = EDGE_CURVE('',#490,#463,#492,.T.);
#490 = VERTEX_POINT('',#491);
#491 = CARTESIAN_POINT('',(28.5,3.,42.));
#492 = SURFACE_CURVE('',#493,(#497,#504),.PCURVE_S1.);
#493 = LINE('',#494,#495);
#494 = CARTESIAN_POINT('',(28.5,3.,42.));
#495 = VECTOR('',#496,1.);
#496 = DIRECTION('',(-0.,1.,0.));
#497 = PCURVE('',#124,#498);
#498 = DEFINITIONAL_REPRESENTATION('',(#499),#503);
#499 = LINE('',#500,#501);
#500 = CARTESIAN_POINT('',(162.,-63.));
#501 = VECTOR('',#502,1.);
#502 = DIRECTION('',(0.,-1.));
#503 = ( GEOMETRIC_REPRESENTATION_CONTEXT(2) 
PARAMETRIC_REPRESENTATION_CONTEXT() REPRESENTATION_CONTEXT('2D SPACE',''
  ) );
#504 = PCURVE('',#505,#510);
#505 = PLANE('',#506);
#506 = AXIS2_PLACEMENT_3D('',#507,#508,#509);
#507 = CARTESIAN_POINT('',(22.5,3.,42.));
#508 = DIRECTION('',(0.,0.,1.));
#509 = DIRECTION('',(1.,0.,-0.));
#510 = DEFINITIONAL_REPRESENTATION('',(#511),#515);
#511 = LINE('',#512,#513);
#512 = CARTESIAN_POINT('',(6.,0.));
#513 = VECTOR('',#514,1.);
#514 = DIRECTION('',(0.,1.));
#515 = ( GEOMETRIC_REPRESENTATION_CONTEXT(2) 
PARAMETRIC_REPRESENTATION_CONTEXT() REPRESENTATION_CONTEXT('2D SPACE',''
  ) );
#516 = ORIENTED_EDGE('',*,*,#517,.F.);
#517 = EDGE_CURVE('',#389,#490,#518,.T.);
#518 = SURFACE_CURVE('',#519,(#523,#530),.PCURVE_S1.);
#519 = LINE('',#520,#521);
#520 = CARTESIAN_POINT('',(28.5,3.,-82.025));
#521 = VECTOR('',#522,1.);
#522 = DIRECTION('',(-0.,0.,-1.));
#523 = PCURVE('',#124,#524);
#524 = DEFINITIONAL_REPRESENTATION('',(#525),#529);
#525 = LINE('',#526,#527);
#526 = CARTESIAN_POINT('',(37.975,-63.));
#527 = VECTOR('',#528,1.);
#528 = DIRECTION('',(-1.,-0.));
#529 = ( GEOMETRIC_REPRESENTATION_CONTEXT(2) 
PARAMETRIC_REPRESENTATION_CONTEXT() REPRESENTATION_CONTEXT('2D SPACE',''
  ) );
#530 = PCURVE('',#332,#531);
#531 = DEFINITIONAL_REPRESENTATION('',(#532),#535);
#532 = B_SPLINE_CURVE_WITH_KNOTS('',1,(#533,#534),.UNSPECIFIED.,.F.,.F.,
  (2,2),(-126.075,-37.975),.PIECEWISE_BEZIER_KNOTS.);
#533 = CARTESIAN_POINT('',(88.1,269.8));
#534 = CARTESIAN_POINT('',(0.,269.8));
#535 = ( GEOMETRIC_REPRESENTATION_CONTEXT(2) 
PARAMETRIC_REPRESENTATION_CONTEXT() REPRESENTATION_CONTEXT('2D SPACE',''
  ) );
#536 = FACE_BOUND('',#537,.T.);
#537 = EDGE_LOOP('',(#538));
#538 = ORIENTED_EDGE('',*,*,#539,.F.);
#539 = EDGE_CURVE('',#540,#540,#542,.T.);
#540 = VERTEX_POINT('',#541);
#541 = CARTESIAN_POINT('',(28.5,6.,26.25));
#542 = SURFACE_CURVE('',#543,(#548,#555),.PCURVE_S1.);
#543 = CIRCLE('',#544,1.75);
#544 = AXIS2_PLACEMENT_3D('',#545,#546,#547);
#545 = CARTESIAN_POINT('',(28.5,6.,28.));
#546 = DIRECTION('',(1.,0.,2.22044604925E-16));
#547 = DIRECTION('',(2.22044604925E-16,0.,-1.));
#548 = PCURVE('',#124,#549);
#549 = DEFINITIONAL_REPRESENTATION('',(#550),#554);
#550 = CIRCLE('',#551,1.75);
#551 = AXIS2_PLACEMENT_2D('',#552,#553);
#552 = CARTESIAN_POINT('',(148.,-66.));
#553 = DIRECTION('',(-1.,0.));
#554 = ( GEOMETRIC_REPRESENTATION_CONTEXT(2) 
PARAMETRIC_REPRESENTATION_CONTEXT() REPRESENTATION_CONTEXT('2D SPACE',''
  ) );
#555 = PCURVE('',#556,#561);
#556 = CYLINDRICAL_SURFACE('',#557,1.75);
#557 = AXIS2_PLACEMENT_3D('',#558,#559,#560);
#558 = CARTESIAN_POINT('',(18.5,6.,28.));
#559 = DIRECTION('',(1.,0.,2.22044604925E-16));
#560 = DIRECTION('',(2.22044604925E-16,0.,-1.));
#561 = DEFINITIONAL_REPRESENTATION('',(#562),#566);
#562 = LINE('',#563,#564);
#563 = CARTESIAN_POINT('',(0.,10.));
#564 = VECTOR('',#565,1.);
#565 = DIRECTION('',(1.,0.));
#566 = ( GEOMETRIC_REPRESENTATION_CONTEXT(2) 
PARAMETRIC_REPRESENTATION_CONTEXT() REPRESENTATION_CONTEXT('2D SPACE',''
  ) );
#567 = FACE_BOUND('',#568,.T.);
#568 = EDGE_LOOP('',(#569));
#569 = ORIENTED_EDGE('',*,*,#570,.F.);
#570 = EDGE_CURVE('',#571,#571,#573,.T.);
#571 = VERTEX_POINT('',#572);
#572 = CARTESIAN_POINT('',(28.5,6.,-29.75));
#573 = SURFACE_CURVE('',#574,(#579,#586),.PCURVE_S1.);
#574 = CIRCLE('',#575,1.75);
#575 = AXIS2_PLACEMENT_3D('',#576,#577,#578);
#576 = CARTESIAN_POINT('',(28.5,6.,-28.));
#577 = DIRECTION('',(1.,0.,2.22044604925E-16));
#578 = DIRECTION('',(2.22044604925E-16,0.,-1.));
#579 = PCURVE('',#124,#580);
#580 = DEFINITIONAL_REPRESENTATION('',(#581),#585);
#581 = CIRCLE('',#582,1.75);
#582 = AXIS2_PLACEMENT_2D('',#583,#584);
#583 = CARTESIAN_POINT('',(92.,-66.));
#584 = DIRECTION('',(-1.,0.));
#585 = ( GEOMETRIC_REPRESENTATION_CONTEXT(2) 
PARAMETRIC_REPRESENTATION_CONTEXT() REPRESENTATION_CONTEXT('2D SPACE',''
  ) );
#586 = PCURVE('',#587,#592);
#587 = CYLINDRICAL_SURFACE('',#588,1.75);
#588 = AXIS2_PLACEMENT_3D('',#589,#590,#591);
#589 = CARTESIAN_POINT('',(18.5,6.,-28.));
#590 = DIRECTION('',(1.,0.,2.22044604925E-16));
#591 = DIRECTION('',(2.22044604925E-16,0.,-1.));
#592 = DEFINITIONAL_REPRESENTATION('',(#593),#597);
#593 = LINE('',#594,#595);
#594 = CARTESIAN_POINT('',(0.,10.));
#595 = VECTOR('',#596,1.);
#596 = DIRECTION('',(1.,0.));
#597 = ( GEOMETRIC_REPRESENTATION_CONTEXT(2) 
PARAMETRIC_REPRESENTATION_CONTEXT() REPRESENTATION_CONTEXT('2D SPACE',''
  ) );
#598 = ADVANCED_FACE('',(#599),#99,.T.);
#599 = FACE_BOUND('',#600,.T.);
#600 = EDGE_LOOP('',(#601,#624,#644,#645));
#601 = ORIENTED_EDGE('',*,*,#602,.F.);
#602 = EDGE_CURVE('',#603,#389,#605,.T.);
#603 = VERTEX_POINT('',#604);
#604 = CARTESIAN_POINT('',(-86.5,3.,44.05));
#605 = SURFACE_CURVE('',#606,(#610,#617),.PCURVE_S1.);
#606 = LINE('',#607,#608);
#607 = CARTESIAN_POINT('',(-241.3,3.,44.05));
#608 = VECTOR('',#609,1.);
#609 = DIRECTION('',(1.,0.,-0.));
#610 = PCURVE('',#99,#611);
#611 = DEFINITIONAL_REPRESENTATION('',(#612),#616);
#612 = LINE('',#613,#614);
#613 = CARTESIAN_POINT('',(0.,3.));
#614 = VECTOR('',#615,1.);
#615 = DIRECTION('',(1.,0.));
#616 = ( GEOMETRIC_REPRESENTATION_CONTEXT(2) 
PARAMETRIC_REPRESENTATION_CONTEXT() REPRESENTATION_CONTEXT('2D SPACE',''
  ) );
#617 = PCURVE('',#332,#618);
#618 = DEFINITIONAL_REPRESENTATION('',(#619),#623);
#619 = LINE('',#620,#621);
#620 = CARTESIAN_POINT('',(88.1,0.));
#621 = VECTOR('',#622,1.);
#622 = DIRECTION('',(0.,1.));
#623 = ( GEOMETRIC_REPRESENTATION_CONTEXT(2) 
PARAMETRIC_REPRESENTATION_CONTEXT() REPRESENTATION_CONTEXT('2D SPACE',''
  ) );
#624 = ORIENTED_EDGE('',*,*,#625,.F.);
#625 = EDGE_CURVE('',#57,#603,#626,.T.);
#626 = SURFACE_CURVE('',#627,(#631,#637),.PCURVE_S1.);
#627 = LINE('',#628,#629);
#628 = CARTESIAN_POINT('',(-86.5,-30.,44.05));
#629 = VECTOR('',#630,1.);
#630 = DIRECTION('',(-0.,1.,0.));
#631 = PCURVE('',#99,#632);
#632 = DEFINITIONAL_REPRESENTATION('',(#633),#636);
#633 = B_SPLINE_CURVE_WITH_KNOTS('',1,(#634,#635),.UNSPECIFIED.,.F.,.F.,
  (2,2),(30.,33.),.PIECEWISE_BEZIER_KNOTS.);
#634 = CARTESIAN_POINT('',(154.8,0.));
#635 = CARTESIAN_POINT('',(154.8,3.));
#636 = ( GEOMETRIC_REPRESENTATION_CONTEXT(2) 
PARAMETRIC_REPRESENTATION_CONTEXT() REPRESENTATION_CONTEXT('2D SPACE',''
  ) );
#637 = PCURVE('',#71,#638);
#638 = DEFINITIONAL_REPRESENTATION('',(#639),#643);
#639 = LINE('',#640,#641);
#640 = CARTESIAN_POINT('',(164.05,-30.));
#641 = VECTOR('',#642,1.);
#642 = DIRECTION('',(0.,-1.));
#643 = ( GEOMETRIC_REPRESENTATION_CONTEXT(2) 
PARAMETRIC_REPRESENTATION_CONTEXT() REPRESENTATION_CONTEXT('2D SPACE',''
  ) );
#644 = ORIENTED_EDGE('',*,*,#83,.T.);
#645 = ORIENTED_EDGE('',*,*,#388,.T.);
#646 = ADVANCED_FACE('',(#647,#777,#808),#71,.F.);
#647 = FACE_BOUND('',#648,.F.);
#648 = EDGE_LOOP('',(#649,#650,#651,#652,#674,#702,#729,#757));
#649 = ORIENTED_EDGE('',*,*,#625,.F.);
#650 = ORIENTED_EDGE('',*,*,#56,.T.);
#651 = ORIENTED_EDGE('',*,*,#344,.T.);
#652 = ORIENTED_EDGE('',*,*,#653,.F.);
#653 = EDGE_CURVE('',#654,#315,#656,.T.);
#654 = VERTEX_POINT('',#655);
#655 = CARTESIAN_POINT('',(-86.5,3.,-42.));
#656 = SURFACE_CURVE('',#657,(#661,#668),.PCURVE_S1.);
#657 = LINE('',#658,#659);
#658 = CARTESIAN_POINT('',(-86.5,3.,-82.025));
#659 = VECTOR('',#660,1.);
#660 = DIRECTION('',(-0.,0.,-1.));
#661 = PCURVE('',#71,#662);
#662 = DEFINITIONAL_REPRESENTATION('',(#663),#667);
#663 = LINE('',#664,#665);
#664 = CARTESIAN_POINT('',(37.975,-63.));
#665 = VECTOR('',#666,1.);
#666 = DIRECTION('',(-1.,-0.));
#667 = ( GEOMETRIC_REPRESENTATION_CONTEXT(2) 
PARAMETRIC_REPRESENTATION_CONTEXT() REPRESENTATION_CONTEXT('2D SPACE',''
  ) );
#668 = PCURVE('',#332,#669);
#669 = DEFINITIONAL_REPRESENTATION('',(#670),#673);
#670 = B_SPLINE_CURVE_WITH_KNOTS('',1,(#671,#672),.UNSPECIFIED.,.F.,.F.,
  (2,2),(-126.075,-37.975),.PIECEWISE_BEZIER_KNOTS.);
#671 = CARTESIAN_POINT('',(88.1,154.8));
#672 = CARTESIAN_POINT('',(0.,154.8));
#673 = ( GEOMETRIC_REPRESENTATION_CONTEXT(2) 
PARAMETRIC_REPRESENTATION_CONTEXT() REPRESENTATION_CONTEXT('2D SPACE',''
  ) );
#674 = ORIENTED_EDGE('',*,*,#675,.T.);
#675 = EDGE_CURVE('',#654,#676,#678,.T.);
#676 = VERTEX_POINT('',#677);
#677 = CARTESIAN_POINT('',(-86.5,8.7,-42.));
#678 = SURFACE_CURVE('',#679,(#683,#690),.PCURVE_S1.);
#679 = LINE('',#680,#681);
#680 = CARTESIAN_POINT('',(-86.5,3.,-42.));
#681 = VECTOR('',#682,1.);
#682 = DIRECTION('',(-0.,1.,0.));
#683 = PCURVE('',#71,#684);
#684 = DEFINITIONAL_REPRESENTATION('',(#685),#689);
#685 = LINE('',#686,#687);
#686 = CARTESIAN_POINT('',(78.,-63.));
#687 = VECTOR('',#688,1.);
#688 = DIRECTION('',(0.,-1.));
#689 = ( GEOMETRIC_REPRESENTATION_CONTEXT(2) 
PARAMETRIC_REPRESENTATION_CONTEXT() REPRESENTATION_CONTEXT('2D SPACE',''
  ) );
#690 = PCURVE('',#691,#696);
#691 = PLANE('',#692);
#692 = AXIS2_PLACEMENT_3D('',#693,#694,#695);
#693 = CARTESIAN_POINT('',(-86.5,3.,-42.));
#694 = DIRECTION('',(0.,0.,1.));
#695 = DIRECTION('',(1.,0.,-0.));
#696 = DEFINITIONAL_REPRESENTATION('',(#697),#701);
#697 = LINE('',#698,#699);
#698 = CARTESIAN_POINT('',(0.,0.));
#699 = VECTOR('',#700,1.);
#700 = DIRECTION('',(0.,1.));
#701 = ( GEOMETRIC_REPRESENTATION_CONTEXT(2) 
PARAMETRIC_REPRESENTATION_CONTEXT() REPRESENTATION_CONTEXT('2D SPACE',''
  ) );
#702 = ORIENTED_EDGE('',*,*,#703,.T.);
#703 = EDGE_CURVE('',#676,#704,#706,.T.);
#704 = VERTEX_POINT('',#705);
#705 = CARTESIAN_POINT('',(-86.5,8.7,42.));
#706 = SURFACE_CURVE('',#707,(#711,#718),.PCURVE_S1.);
#707 = LINE('',#708,#709);
#708 = CARTESIAN_POINT('',(-86.5,8.7,-42.));
#709 = VECTOR('',#710,1.);
#710 = DIRECTION('',(0.,0.,1.));
#711 = PCURVE('',#71,#712);
#712 = DEFINITIONAL_REPRESENTATION('',(#713),#717);
#713 = LINE('',#714,#715);
#714 = CARTESIAN_POINT('',(78.,-68.7));
#715 = VECTOR('',#716,1.);
#716 = DIRECTION('',(1.,0.));
#717 = ( GEOMETRIC_REPRESENTATION_CONTEXT(2) 
PARAMETRIC_REPRESENTATION_CONTEXT() REPRESENTATION_CONTEXT('2D SPACE',''
  ) );
#718 = PCURVE('',#719,#724);
#719 = PLANE('',#720);
#720 = AXIS2_PLACEMENT_3D('',#721,#722,#723);
#721 = CARTESIAN_POINT('',(-88.45,8.7,-42.));
#722 = DIRECTION('',(-0.,1.,0.));
#723 = DIRECTION('',(0.,0.,1.));
#724 = DEFINITIONAL_REPRESENTATION('',(#725),#728);
#725 = B_SPLINE_CURVE_WITH_KNOTS('',1,(#726,#727),.UNSPECIFIED.,.F.,.F.,
  (2,2),(0.,84.),.PIECEWISE_BEZIER_KNOTS.);
#726 = CARTESIAN_POINT('',(0.,1.95));
#727 = CARTESIAN_POINT('',(84.,1.95));
#728 = ( GEOMETRIC_REPRESENTATION_CONTEXT(2) 
PARAMETRIC_REPRESENTATION_CONTEXT() REPRESENTATION_CONTEXT('2D SPACE',''
  ) );
#729 = ORIENTED_EDGE('',*,*,#730,.F.);
#730 = EDGE_CURVE('',#731,#704,#733,.T.);
#731 = VERTEX_POINT('',#732);
#732 = CARTESIAN_POINT('',(-86.5,3.,42.));
#733 = SURFACE_CURVE('',#734,(#738,#745),.PCURVE_S1.);
#734 = LINE('',#735,#736);
#735 = CARTESIAN_POINT('',(-86.5,3.,42.));
#736 = VECTOR('',#737,1.);
#737 = DIRECTION('',(-0.,1.,0.));
#738 = PCURVE('',#71,#739);
#739 = DEFINITIONAL_REPRESENTATION('',(#740),#744);
#740 = LINE('',#741,#742);
#741 = CARTESIAN_POINT('',(162.,-63.));
#742 = VECTOR('',#743,1.);
#743 = DIRECTION('',(0.,-1.));
#744 = ( GEOMETRIC_REPRESENTATION_CONTEXT(2) 
PARAMETRIC_REPRESENTATION_CONTEXT() REPRESENTATION_CONTEXT('2D SPACE',''
  ) );
#745 = PCURVE('',#746,#751);
#746 = PLANE('',#747);
#747 = AXIS2_PLACEMENT_3D('',#748,#749,#750);
#748 = CARTESIAN_POINT('',(-86.5,3.,42.));
#749 = DIRECTION('',(0.,0.,1.));
#750 = DIRECTION('',(1.,0.,-0.));
#751 = DEFINITIONAL_REPRESENTATION('',(#752),#756);
#752 = LINE('',#753,#754);
#753 = CARTESIAN_POINT('',(0.,0.));
#754 = VECTOR('',#755,1.);
#755 = DIRECTION('',(0.,1.));
#756 = ( GEOMETRIC_REPRESENTATION_CONTEXT(2) 
PARAMETRIC_REPRESENTATION_CONTEXT() REPRESENTATION_CONTEXT('2D SPACE',''
  ) );
#757 = ORIENTED_EDGE('',*,*,#758,.F.);
#758 = EDGE_CURVE('',#603,#731,#759,.T.);
#759 = SURFACE_CURVE('',#760,(#764,#771),.PCURVE_S1.);
#760 = LINE('',#761,#762);
#761 = CARTESIAN_POINT('',(-86.5,3.,-82.025));
#762 = VECTOR('',#763,1.);
#763 = DIRECTION('',(-0.,0.,-1.));
#764 = PCURVE('',#71,#765);
#765 = DEFINITIONAL_REPRESENTATION('',(#766),#770);
#766 = LINE('',#767,#768);
#767 = CARTESIAN_POINT('',(37.975,-63.));
#768 = VECTOR('',#769,1.);
#769 = DIRECTION('',(-1.,-0.));
#770 = ( GEOMETRIC_REPRESENTATION_CONTEXT(2) 
PARAMETRIC_REPRESENTATION_CONTEXT() REPRESENTATION_CONTEXT('2D SPACE',''
  ) );
#771 = PCURVE('',#332,#772);
#772 = DEFINITIONAL_REPRESENTATION('',(#773),#776);
#773 = B_SPLINE_CURVE_WITH_KNOTS('',1,(#774,#775),.UNSPECIFIED.,.F.,.F.,
  (2,2),(-126.075,-37.975),.PIECEWISE_BEZIER_KNOTS.);
#774 = CARTESIAN_POINT('',(88.1,154.8));
#775 = CARTESIAN_POINT('',(0.,154.8));
#776 = ( GEOMETRIC_REPRESENTATION_CONTEXT(2) 
PARAMETRIC_REPRESENTATION_CONTEXT() REPRESENTATION_CONTEXT('2D SPACE',''
  ) );
#777 = FACE_BOUND('',#778,.F.);
#778 = EDGE_LOOP('',(#779));
#779 = ORIENTED_EDGE('',*,*,#780,.F.);
#780 = EDGE_CURVE('',#781,#781,#783,.T.);
#781 = VERTEX_POINT('',#782);
#782 = CARTESIAN_POINT('',(-86.5,6.,26.25));
#783 = SURFACE_CURVE('',#784,(#789,#796),.PCURVE_S1.);
#784 = CIRCLE('',#785,1.75);
#785 = AXIS2_PLACEMENT_3D('',#786,#787,#788);
#786 = CARTESIAN_POINT('',(-86.5,6.,28.));
#787 = DIRECTION('',(1.,0.,2.22044604925E-16));
#788 = DIRECTION('',(2.22044604925E-16,0.,-1.));
#789 = PCURVE('',#71,#790);
#790 = DEFINITIONAL_REPRESENTATION('',(#791),#795);
#791 = CIRCLE('',#792,1.75);
#792 = AXIS2_PLACEMENT_2D('',#793,#794);
#793 = CARTESIAN_POINT('',(148.,-66.));
#794 = DIRECTION('',(-1.,0.));
#795 = ( GEOMETRIC_REPRESENTATION_CONTEXT(2) 
PARAMETRIC_REPRESENTATION_CONTEXT() REPRESENTATION_CONTEXT('2D SPACE',''
  ) );
#796 = PCURVE('',#797,#802);
#797 = CYLINDRICAL_SURFACE('',#798,1.75);
#798 = AXIS2_PLACEMENT_3D('',#799,#800,#801);
#799 = CARTESIAN_POINT('',(-96.5,6.,28.));
#800 = DIRECTION('',(1.,0.,2.22044604925E-16));
#801 = DIRECTION('',(2.22044604925E-16,0.,-1.));
#802 = DEFINITIONAL_REPRESENTATION('',(#803),#807);
#803 = LINE('',#804,#805);
#804 = CARTESIAN_POINT('',(0.,10.));
#805 = VECTOR('',#806,1.);
#806 = DIRECTION('',(1.,0.));
#807 = ( GEOMETRIC_REPRESENTATION_CONTEXT(2) 
PARAMETRIC_REPRESENTATION_CONTEXT() REPRESENTATION_CONTEXT('2D SPACE',''
  ) );
#808 = FACE_BOUND('',#809,.F.);
#809 = EDGE_LOOP('',(#810));
#810 = ORIENTED_EDGE('',*,*,#811,.F.);
#811 = EDGE_CURVE('',#812,#812,#814,.T.);
#812 = VERTEX_POINT('',#813);
#813 = CARTESIAN_POINT('',(-86.5,6.,-29.75));
#814 = SURFACE_CURVE('',#815,(#820,#827),.PCURVE_S1.);
#815 = CIRCLE('',#816,1.75);
#816 = AXIS2_PLACEMENT_3D('',#817,#818,#819);
#817 = CARTESIAN_POINT('',(-86.5,6.,-28.));
#818 = DIRECTION('',(1.,0.,2.22044604925E-16));
#819 = DIRECTION('',(2.22044604925E-16,0.,-1.));
#820 = PCURVE('',#71,#821);
#821 = DEFINITIONAL_REPRESENTATION('',(#822),#826);
#822 = CIRCLE('',#823,1.75);
#823 = AXIS2_PLACEMENT_2D('',#824,#825);
#824 = CARTESIAN_POINT('',(92.,-66.));
#825 = DIRECTION('',(-1.,0.));
#826 = ( GEOMETRIC_REPRESENTATION_CONTEXT(2) 
PARAMETRIC_REPRESENTATION_CONTEXT() REPRESENTATION_CONTEXT('2D SPACE',''
  ) );
#827 = PCURVE('',#828,#833);
#828 = CYLINDRICAL_SURFACE('',#829,1.75);
#829 = AXIS2_PLACEMENT_3D('',#830,#831,#832);
#830 = CARTESIAN_POINT('',(-96.5,6.,-28.));
#831 = DIRECTION('',(1.,0.,2.22044604925E-16));
#832 = DIRECTION('',(2.22044604925E-16,0.,-1.));
#833 = DEFINITIONAL_REPRESENTATION('',(#834),#838);
#834 = LINE('',#835,#836);
#835 = CARTESIAN_POINT('',(0.,10.));
#836 = VECTOR('',#837,1.);
#837 = DIRECTION('',(1.,0.));
#838 = ( GEOMETRIC_REPRESENTATION_CONTEXT(2) 
PARAMETRIC_REPRESENTATION_CONTEXT() REPRESENTATION_CONTEXT('2D SPACE',''
  ) );
#839 = ADVANCED_FACE('',(#840),#159,.F.);
#840 = FACE_BOUND('',#841,.F.);
#841 = EDGE_LOOP('',(#842,#843,#866,#892));
#842 = ORIENTED_EDGE('',*,*,#138,.F.);
#843 = ORIENTED_EDGE('',*,*,#844,.F.);
#844 = EDGE_CURVE('',#845,#139,#847,.T.);
#845 = VERTEX_POINT('',#846);
#846 = CARTESIAN_POINT('',(-62.5,3.,-35.75));
#847 = SEAM_CURVE('',#848,(#852,#859),.PCURVE_S1.);
#848 = LINE('',#849,#850);
#849 = CARTESIAN_POINT('',(-62.5,5.,-35.75));
#850 = VECTOR('',#851,1.);
#851 = DIRECTION('',(0.,-1.,2.22044604925E-16));
#852 = PCURVE('',#159,#853);
#853 = DEFINITIONAL_REPRESENTATION('',(#854),#858);
#854 = LINE('',#855,#856);
#855 = CARTESIAN_POINT('',(6.28318530718,-0.));
#856 = VECTOR('',#857,1.);
#857 = DIRECTION('',(0.,1.));
#858 = ( GEOMETRIC_REPRESENTATION_CONTEXT(2) 
PARAMETRIC_REPRESENTATION_CONTEXT() REPRESENTATION_CONTEXT('2D SPACE',''
  ) );
#859 = PCURVE('',#159,#860);
#860 = DEFINITIONAL_REPRESENTATION('',(#861),#865);
#861 = LINE('',#862,#863);
#862 = CARTESIAN_POINT('',(0.,-0.));
#863 = VECTOR('',#864,1.);
#864 = DIRECTION('',(0.,1.));
#865 = ( GEOMETRIC_REPRESENTATION_CONTEXT(2) 
PARAMETRIC_REPRESENTATION_CONTEXT() REPRESENTATION_CONTEXT('2D SPACE',''
  ) );
#866 = ORIENTED_EDGE('',*,*,#867,.T.);
#867 = EDGE_CURVE('',#845,#845,#868,.T.);
#868 = SURFACE_CURVE('',#869,(#874,#881),.PCURVE_S1.);
#869 = CIRCLE('',#870,2.25);
#870 = AXIS2_PLACEMENT_3D('',#871,#872,#873);
#871 = CARTESIAN_POINT('',(-64.75,3.,-35.75));
#872 = DIRECTION('',(0.,-1.,2.22044604925E-16));
#873 = DIRECTION('',(1.,0.,0.));
#874 = PCURVE('',#159,#875);
#875 = DEFINITIONAL_REPRESENTATION('',(#876),#880);
#876 = LINE('',#877,#878);
#877 = CARTESIAN_POINT('',(0.,2.));
#878 = VECTOR('',#879,1.);
#879 = DIRECTION('',(1.,0.));
#880 = ( GEOMETRIC_REPRESENTATION_CONTEXT(2) 
PARAMETRIC_REPRESENTATION_CONTEXT() REPRESENTATION_CONTEXT('2D SPACE',''
  ) );
#881 = PCURVE('',#332,#882);
#882 = DEFINITIONAL_REPRESENTATION('',(#883),#891);
#883 = ( BOUNDED_CURVE() B_SPLINE_CURVE(2,(#884,#885,#886,#887,#888,#889
,#890),.UNSPECIFIED.,.T.,.F.) B_SPLINE_CURVE_WITH_KNOTS((1,2,2,2,2,1),(
    -2.094395102393,0.,2.094395102393,4.188790204786,6.28318530718,
8.377580409573),.UNSPECIFIED.) CURVE() GEOMETRIC_REPRESENTATION_ITEM() 
RATIONAL_B_SPLINE_CURVE((1.,0.5,1.,0.5,1.,0.5,1.)) REPRESENTATION_ITEM(
  '') );
#884 = CARTESIAN_POINT('',(8.3,178.8));
#885 = CARTESIAN_POINT('',(12.19711431703,178.8));
#886 = CARTESIAN_POINT('',(10.248557158515,175.425));
#887 = CARTESIAN_POINT('',(8.3,172.05));
#888 = CARTESIAN_POINT('',(6.351442841485,175.425));
#889 = CARTESIAN_POINT('',(4.40288568297,178.8));
#890 = CARTESIAN_POINT('',(8.3,178.8));
#891 = ( GEOMETRIC_REPRESENTATION_CONTEXT(2) 
PARAMETRIC_REPRESENTATION_CONTEXT() REPRESENTATION_CONTEXT('2D SPACE',''
  ) );
#892 = ORIENTED_EDGE('',*,*,#844,.T.);
#893 = ADVANCED_FACE('',(#894),#194,.F.);
#894 = FACE_BOUND('',#895,.F.);
#895 = EDGE_LOOP('',(#896,#897,#920,#946));
#896 = ORIENTED_EDGE('',*,*,#173,.F.);
#897 = ORIENTED_EDGE('',*,*,#898,.F.);
#898 = EDGE_CURVE('',#899,#174,#901,.T.);
#899 = VERTEX_POINT('',#900);
#900 = CARTESIAN_POINT('',(9.,3.,-9.640382580907E-15));
#901 = SEAM_CURVE('',#902,(#906,#913),.PCURVE_S1.);
#902 = LINE('',#903,#904);
#903 = CARTESIAN_POINT('',(9.,5.,-1.008447179076E-14));
#904 = VECTOR('',#905,1.);
#905 = DIRECTION('',(0.,-1.,2.22044604925E-16));
#906 = PCURVE('',#194,#907);
#907 = DEFINITIONAL_REPRESENTATION('',(#908),#912);
#908 = LINE('',#909,#910);
#909 = CARTESIAN_POINT('',(6.28318530718,-0.));
#910 = VECTOR('',#911,1.);
#911 = DIRECTION('',(0.,1.));
#912 = ( GEOMETRIC_REPRESENTATION_CONTEXT(2) 
PARAMETRIC_REPRESENTATION_CONTEXT() REPRESENTATION_CONTEXT('2D SPACE',''
  ) );
#913 = PCURVE('',#194,#914);
#914 = DEFINITIONAL_REPRESENTATION('',(#915),#919);
#915 = LINE('',#916,#917);
#916 = CARTESIAN_POINT('',(0.,-0.));
#917 = VECTOR('',#918,1.);
#918 = DIRECTION('',(0.,1.));
#919 = ( GEOMETRIC_REPRESENTATION_CONTEXT(2) 
PARAMETRIC_REPRESENTATION_CONTEXT() REPRESENTATION_CONTEXT('2D SPACE',''
  ) );
#920 = ORIENTED_EDGE('',*,*,#921,.T.);
#921 = EDGE_CURVE('',#899,#899,#922,.T.);
#922 = SURFACE_CURVE('',#923,(#928,#935),.PCURVE_S1.);
#923 = CIRCLE('',#924,38.);
#924 = AXIS2_PLACEMENT_3D('',#925,#926,#927);
#925 = CARTESIAN_POINT('',(-29.,3.,-3.330669073875E-16));
#926 = DIRECTION('',(0.,-1.,2.22044604925E-16));
#927 = DIRECTION('',(1.,0.,0.));
#928 = PCURVE('',#194,#929);
#929 = DEFINITIONAL_REPRESENTATION('',(#930),#934);
#930 = LINE('',#931,#932);
#931 = CARTESIAN_POINT('',(0.,2.));
#932 = VECTOR('',#933,1.);
#933 = DIRECTION('',(1.,0.));
#934 = ( GEOMETRIC_REPRESENTATION_CONTEXT(2) 
PARAMETRIC_REPRESENTATION_CONTEXT() REPRESENTATION_CONTEXT('2D SPACE',''
  ) );
#935 = PCURVE('',#332,#936);
#936 = DEFINITIONAL_REPRESENTATION('',(#937),#945);
#937 = ( BOUNDED_CURVE() B_SPLINE_CURVE(2,(#938,#939,#940,#941,#942,#943
,#944),.UNSPECIFIED.,.T.,.F.) B_SPLINE_CURVE_WITH_KNOTS((1,2,2,2,2,1),(
    -2.094395102393,0.,2.094395102393,4.188790204786,6.28318530718,
8.377580409573),.UNSPECIFIED.) CURVE() GEOMETRIC_REPRESENTATION_ITEM() 
RATIONAL_B_SPLINE_CURVE((1.,0.5,1.,0.5,1.,0.5,1.)) REPRESENTATION_ITEM(
  '') );
#938 = CARTESIAN_POINT('',(44.05,250.3));
#939 = CARTESIAN_POINT('',(109.86793068761,250.3));
#940 = CARTESIAN_POINT('',(76.958965343809,193.3));
#941 = CARTESIAN_POINT('',(44.05,136.3));
#942 = CARTESIAN_POINT('',(11.141034656191,193.3));
#943 = CARTESIAN_POINT('',(-21.76793068761,250.3));
#944 = CARTESIAN_POINT('',(44.05,250.3));
#945 = ( GEOMETRIC_REPRESENTATION_CONTEXT(2) 
PARAMETRIC_REPRESENTATION_CONTEXT() REPRESENTATION_CONTEXT('2D SPACE',''
  ) );
#946 = ORIENTED_EDGE('',*,*,#898,.T.);
#947 = ADVANCED_FACE('',(#948),#229,.F.);
#948 = FACE_BOUND('',#949,.F.);
#949 = EDGE_LOOP('',(#950,#951,#974,#1000));
#950 = ORIENTED_EDGE('',*,*,#208,.F.);
#951 = ORIENTED_EDGE('',*,*,#952,.F.);
#952 = EDGE_CURVE('',#953,#209,#955,.T.);
#953 = VERTEX_POINT('',#954);
#954 = CARTESIAN_POINT('',(-62.5,3.,35.75));
#955 = SEAM_CURVE('',#956,(#960,#967),.PCURVE_S1.);
#956 = LINE('',#957,#958);
#957 = CARTESIAN_POINT('',(-62.5,5.,35.75));
#958 = VECTOR('',#959,1.);
#959 = DIRECTION('',(0.,-1.,2.22044604925E-16));
#960 = PCURVE('',#229,#961);
#961 = DEFINITIONAL_REPRESENTATION('',(#962),#966);
#962 = LINE('',#963,#964);
#963 = CARTESIAN_POINT('',(6.28318530718,-0.));
#964 = VECTOR('',#965,1.);
#965 = DIRECTION('',(0.,1.));
#966 = ( GEOMETRIC_REPRESENTATION_CONTEXT(2) 
PARAMETRIC_REPRESENTATION_CONTEXT() REPRESENTATION_CONTEXT('2D SPACE',''
  ) );
#967 = PCURVE('',#229,#968);
#968 = DEFINITIONAL_REPRESENTATION('',(#969),#973);
#969 = LINE('',#970,#971);
#970 = CARTESIAN_POINT('',(0.,-0.));
#971 = VECTOR('',#972,1.);
#972 = DIRECTION('',(0.,1.));
#973 = ( GEOMETRIC_REPRESENTATION_CONTEXT(2) 
PARAMETRIC_REPRESENTATION_CONTEXT() REPRESENTATION_CONTEXT('2D SPACE',''
  ) );
#974 = ORIENTED_EDGE('',*,*,#975,.T.);
#975 = EDGE_CURVE('',#953,#953,#976,.T.);
#976 = SURFACE_CURVE('',#977,(#982,#989),.PCURVE_S1.);
#977 = CIRCLE('',#978,2.25);
#978 = AXIS2_PLACEMENT_3D('',#979,#980,#981);
#979 = CARTESIAN_POINT('',(-64.75,3.,35.75));
#980 = DIRECTION('',(0.,-1.,2.22044604925E-16));
#981 = DIRECTION('',(1.,0.,0.));
#982 = PCURVE('',#229,#983);
#983 = DEFINITIONAL_REPRESENTATION('',(#984),#988);
#984 = LINE('',#985,#986);
#985 = CARTESIAN_POINT('',(0.,2.));
#986 = VECTOR('',#987,1.);
#987 = DIRECTION('',(1.,0.));
#988 = ( GEOMETRIC_REPRESENTATION_CONTEXT(2) 
PARAMETRIC_REPRESENTATION_CONTEXT() REPRESENTATION_CONTEXT('2D SPACE',''
  ) );
#989 = PCURVE('',#332,#990);
#990 = DEFINITIONAL_REPRESENTATION('',(#991),#999);
#991 = ( BOUNDED_CURVE() B_SPLINE_CURVE(2,(#992,#993,#994,#995,#996,#997
,#998),.UNSPECIFIED.,.T.,.F.) B_SPLINE_CURVE_WITH_KNOTS((1,2,2,2,2,1),(
    -2.094395102393,0.,2.094395102393,4.188790204786,6.28318530718,
8.377580409573),.UNSPECIFIED.) CURVE() GEOMETRIC_REPRESENTATION_ITEM() 
RATIONAL_B_SPLINE_CURVE((1.,0.5,1.,0.5,1.,0.5,1.)) REPRESENTATION_ITEM(
  '') );
#992 = CARTESIAN_POINT('',(79.8,178.8));
#993 = CARTESIAN_POINT('',(83.69711431703,178.8));
#994 = CARTESIAN_POINT('',(81.748557158515,175.425));
#995 = CARTESIAN_POINT('',(79.8,172.05));
#996 = CARTESIAN_POINT('',(77.851442841485,175.425));
#997 = CARTESIAN_POINT('',(75.90288568297,178.8));
#998 = CARTESIAN_POINT('',(79.8,178.8));
#999 = ( GEOMETRIC_REPRESENTATION_CONTEXT(2) 
PARAMETRIC_REPRESENTATION_CONTEXT() REPRESENTATION_CONTEXT('2D SPACE',''
  ) );
#1000 = ORIENTED_EDGE('',*,*,#952,.T.);
#1001 = ADVANCED_FACE('',(#1002),#264,.F.);
#1002 = FACE_BOUND('',#1003,.F.);
#1003 = EDGE_LOOP('',(#1004,#1005,#1028,#1054));
#1004 = ORIENTED_EDGE('',*,*,#243,.F.);
#1005 = ORIENTED_EDGE('',*,*,#1006,.F.);
#1006 = EDGE_CURVE('',#1007,#244,#1009,.T.);
#1007 = VERTEX_POINT('',#1008);
#1008 = CARTESIAN_POINT('',(9.,3.,-35.75));
#1009 = SEAM_CURVE('',#1010,(#1014,#1021),.PCURVE_S1.);
#1010 = LINE('',#1011,#1012);
#1011 = CARTESIAN_POINT('',(9.,5.,-35.75));
#1012 = VECTOR('',#1013,1.);
#1013 = DIRECTION('',(0.,-1.,2.22044604925E-16));
#1014 = PCURVE('',#264,#1015);
#1015 = DEFINITIONAL_REPRESENTATION('',(#1016),#1020);
#1016 = LINE('',#1017,#1018);
#1017 = CARTESIAN_POINT('',(6.28318530718,-0.));
#1018 = VECTOR('',#1019,1.);
#1019 = DIRECTION('',(0.,1.));
#1020 = ( GEOMETRIC_REPRESENTATION_CONTEXT(2) 
PARAMETRIC_REPRESENTATION_CONTEXT() REPRESENTATION_CONTEXT('2D SPACE',''
  ) );
#1021 = PCURVE('',#264,#1022);
#1022 = DEFINITIONAL_REPRESENTATION('',(#1023),#1027);
#1023 = LINE('',#1024,#1025);
#1024 = CARTESIAN_POINT('',(0.,-0.));
#1025 = VECTOR('',#1026,1.);
#1026 = DIRECTION('',(0.,1.));
#1027 = ( GEOMETRIC_REPRESENTATION_CONTEXT(2) 
PARAMETRIC_REPRESENTATION_CONTEXT() REPRESENTATION_CONTEXT('2D SPACE',''
  ) );
#1028 = ORIENTED_EDGE('',*,*,#1029,.T.);
#1029 = EDGE_CURVE('',#1007,#1007,#1030,.T.);
#1030 = SURFACE_CURVE('',#1031,(#1036,#1043),.PCURVE_S1.);
#1031 = CIRCLE('',#1032,2.25);
#1032 = AXIS2_PLACEMENT_3D('',#1033,#1034,#1035);
#1033 = CARTESIAN_POINT('',(6.75,3.,-35.75));
#1034 = DIRECTION('',(0.,-1.,2.22044604925E-16));
#1035 = DIRECTION('',(1.,0.,0.));
#1036 = PCURVE('',#264,#1037);
#1037 = DEFINITIONAL_REPRESENTATION('',(#1038),#1042);
#1038 = LINE('',#1039,#1040);
#1039 = CARTESIAN_POINT('',(0.,2.));
#1040 = VECTOR('',#1041,1.);
#1041 = DIRECTION('',(1.,0.));
#1042 = ( GEOMETRIC_REPRESENTATION_CONTEXT(2) 
PARAMETRIC_REPRESENTATION_CONTEXT() REPRESENTATION_CONTEXT('2D SPACE',''
  ) );
#1043 = PCURVE('',#332,#1044);
#1044 = DEFINITIONAL_REPRESENTATION('',(#1045),#1053);
#1045 = ( BOUNDED_CURVE() B_SPLINE_CURVE(2,(#1046,#1047,#1048,#1049,
#1050,#1051,#1052),.UNSPECIFIED.,.T.,.F.) B_SPLINE_CURVE_WITH_KNOTS((1,2
    ,2,2,2,1),(-2.094395102393,0.,2.094395102393,4.188790204786,
6.28318530718,8.377580409573),.UNSPECIFIED.) CURVE() 
GEOMETRIC_REPRESENTATION_ITEM() RATIONAL_B_SPLINE_CURVE((1.,0.5,1.,0.5,
1.,0.5,1.)) REPRESENTATION_ITEM('') );
#1046 = CARTESIAN_POINT('',(8.3,250.3));
#1047 = CARTESIAN_POINT('',(12.19711431703,250.3));
#1048 = CARTESIAN_POINT('',(10.248557158515,246.925));
#1049 = CARTESIAN_POINT('',(8.3,243.55));
#1050 = CARTESIAN_POINT('',(6.351442841485,246.925));
#1051 = CARTESIAN_POINT('',(4.40288568297,250.3));
#1052 = CARTESIAN_POINT('',(8.3,250.3));
#1053 = ( GEOMETRIC_REPRESENTATION_CONTEXT(2) 
PARAMETRIC_REPRESENTATION_CONTEXT() REPRESENTATION_CONTEXT('2D SPACE',''
  ) );
#1054 = ORIENTED_EDGE('',*,*,#1006,.T.);
#1055 = ADVANCED_FACE('',(#1056),#299,.F.);
#1056 = FACE_BOUND('',#1057,.F.);
#1057 = EDGE_LOOP('',(#1058,#1059,#1082,#1108));
#1058 = ORIENTED_EDGE('',*,*,#278,.F.);
#1059 = ORIENTED_EDGE('',*,*,#1060,.F.);
#1060 = EDGE_CURVE('',#1061,#279,#1063,.T.);
#1061 = VERTEX_POINT('',#1062);
#1062 = CARTESIAN_POINT('',(9.,3.,35.75));
#1063 = SEAM_CURVE('',#1064,(#1068,#1075),.PCURVE_S1.);
#1064 = LINE('',#1065,#1066);
#1065 = CARTESIAN_POINT('',(9.,5.,35.75));
#1066 = VECTOR('',#1067,1.);
#1067 = DIRECTION('',(0.,-1.,2.22044604925E-16));
#1068 = PCURVE('',#299,#1069);
#1069 = DEFINITIONAL_REPRESENTATION('',(#1070),#1074);
#1070 = LINE('',#1071,#1072);
#1071 = CARTESIAN_POINT('',(6.28318530718,-0.));
#1072 = VECTOR('',#1073,1.);
#1073 = DIRECTION('',(0.,1.));
#1074 = ( GEOMETRIC_REPRESENTATION_CONTEXT(2) 
PARAMETRIC_REPRESENTATION_CONTEXT() REPRESENTATION_CONTEXT('2D SPACE',''
  ) );
#1075 = PCURVE('',#299,#1076);
#1076 = DEFINITIONAL_REPRESENTATION('',(#1077),#1081);
#1077 = LINE('',#1078,#1079);
#1078 = CARTESIAN_POINT('',(0.,-0.));
#1079 = VECTOR('',#1080,1.);
#1080 = DIRECTION('',(0.,1.));
#1081 = ( GEOMETRIC_REPRESENTATION_CONTEXT(2) 
PARAMETRIC_REPRESENTATION_CONTEXT() REPRESENTATION_CONTEXT('2D SPACE',''
  ) );
#1082 = ORIENTED_EDGE('',*,*,#1083,.T.);
#1083 = EDGE_CURVE('',#1061,#1061,#1084,.T.);
#1084 = SURFACE_CURVE('',#1085,(#1090,#1097),.PCURVE_S1.);
#1085 = CIRCLE('',#1086,2.25);
#1086 = AXIS2_PLACEMENT_3D('',#1087,#1088,#1089);
#1087 = CARTESIAN_POINT('',(6.75,3.,35.75));
#1088 = DIRECTION('',(0.,-1.,2.22044604925E-16));
#1089 = DIRECTION('',(1.,0.,0.));
#1090 = PCURVE('',#299,#1091);
#1091 = DEFINITIONAL_REPRESENTATION('',(#1092),#1096);
#1092 = LINE('',#1093,#1094);
#1093 = CARTESIAN_POINT('',(0.,2.));
#1094 = VECTOR('',#1095,1.);
#1095 = DIRECTION('',(1.,0.));
#1096 = ( GEOMETRIC_REPRESENTATION_CONTEXT(2) 
PARAMETRIC_REPRESENTATION_CONTEXT() REPRESENTATION_CONTEXT('2D SPACE',''
  ) );
#1097 = PCURVE('',#332,#1098);
#1098 = DEFINITIONAL_REPRESENTATION('',(#1099),#1107);
#1099 = ( BOUNDED_CURVE() B_SPLINE_CURVE(2,(#1100,#1101,#1102,#1103,
#1104,#1105,#1106),.UNSPECIFIED.,.T.,.F.) B_SPLINE_CURVE_WITH_KNOTS((1,2
    ,2,2,2,1),(-2.094395102393,0.,2.094395102393,4.188790204786,
6.28318530718,8.377580409573),.UNSPECIFIED.) CURVE() 
GEOMETRIC_REPRESENTATION_ITEM() RATIONAL_B_SPLINE_CURVE((1.,0.5,1.,0.5,
1.,0.5,1.)) REPRESENTATION_ITEM('') );
#1100 = CARTESIAN_POINT('',(79.8,250.3));
#1101 = CARTESIAN_POINT('',(83.69711431703,250.3));
#1102 = CARTESIAN_POINT('',(81.748557158515,246.925));
#1103 = CARTESIAN_POINT('',(79.8,243.55));
#1104 = CARTESIAN_POINT('',(77.851442841485,246.925));
#1105 = CARTESIAN_POINT('',(75.90288568297,250.3));
#1106 = CARTESIAN_POINT('',(79.8,250.3));
#1107 = ( GEOMETRIC_REPRESENTATION_CONTEXT(2) 
PARAMETRIC_REPRESENTATION_CONTEXT() REPRESENTATION_CONTEXT('2D SPACE',''
  ) );
#1108 = ORIENTED_EDGE('',*,*,#1060,.T.);
#1109 = ADVANCED_FACE('',(#1110,#1262,#1265,#1268,#1271,#1274),#332,.T.
  );
#1110 = FACE_BOUND('',#1111,.T.);
#1111 = EDGE_LOOP('',(#1112,#1113,#1114,#1137,#1165,#1186,#1187,#1188,
    #1189,#1212,#1240,#1261));
#1112 = ORIENTED_EDGE('',*,*,#314,.F.);
#1113 = ORIENTED_EDGE('',*,*,#653,.F.);
#1114 = ORIENTED_EDGE('',*,*,#1115,.T.);
#1115 = EDGE_CURVE('',#654,#1116,#1118,.T.);
#1116 = VERTEX_POINT('',#1117);
#1117 = CARTESIAN_POINT('',(-80.5,3.,-42.));
#1118 = SURFACE_CURVE('',#1119,(#1123,#1130),.PCURVE_S1.);
#1119 = LINE('',#1120,#1121);
#1120 = CARTESIAN_POINT('',(-86.5,3.,-42.));
#1121 = VECTOR('',#1122,1.);
#1122 = DIRECTION('',(1.,0.,-0.));
#1123 = PCURVE('',#332,#1124);
#1124 = DEFINITIONAL_REPRESENTATION('',(#1125),#1129);
#1125 = LINE('',#1126,#1127);
#1126 = CARTESIAN_POINT('',(2.05,154.8));
#1127 = VECTOR('',#1128,1.);
#1128 = DIRECTION('',(0.,1.));
#1129 = ( GEOMETRIC_REPRESENTATION_CONTEXT(2) 
PARAMETRIC_REPRESENTATION_CONTEXT() REPRESENTATION_CONTEXT('2D SPACE',''
  ) );
#1130 = PCURVE('',#691,#1131);
#1131 = DEFINITIONAL_REPRESENTATION('',(#1132),#1136);
#1132 = LINE('',#1133,#1134);
#1133 = CARTESIAN_POINT('',(0.,0.));
#1134 = VECTOR('',#1135,1.);
#1135 = DIRECTION('',(1.,0.));
#1136 = ( GEOMETRIC_REPRESENTATION_CONTEXT(2) 
PARAMETRIC_REPRESENTATION_CONTEXT() REPRESENTATION_CONTEXT('2D SPACE',''
  ) );
#1137 = ORIENTED_EDGE('',*,*,#1138,.T.);
#1138 = EDGE_CURVE('',#1116,#1139,#1141,.T.);
#1139 = VERTEX_POINT('',#1140);
#1140 = CARTESIAN_POINT('',(-80.5,3.,42.));
#1141 = SURFACE_CURVE('',#1142,(#1146,#1153),.PCURVE_S1.);
#1142 = LINE('',#1143,#1144);
#1143 = CARTESIAN_POINT('',(-80.5,3.,-42.));
#1144 = VECTOR('',#1145,1.);
#1145 = DIRECTION('',(0.,0.,1.));
#1146 = PCURVE('',#332,#1147);
#1147 = DEFINITIONAL_REPRESENTATION('',(#1148),#1152);
#1148 = LINE('',#1149,#1150);
#1149 = CARTESIAN_POINT('',(2.05,160.8));
#1150 = VECTOR('',#1151,1.);
#1151 = DIRECTION('',(1.,0.));
#1152 = ( GEOMETRIC_REPRESENTATION_CONTEXT(2) 
PARAMETRIC_REPRESENTATION_CONTEXT() REPRESENTATION_CONTEXT('2D SPACE',''
  ) );
#1153 = PCURVE('',#1154,#1159);
#1154 = PLANE('',#1155);
#1155 = AXIS2_PLACEMENT_3D('',#1156,#1157,#1158);
#1156 = CARTESIAN_POINT('',(-80.5,3.,-42.));
#1157 = DIRECTION('',(1.,0.,-0.));
#1158 = DIRECTION('',(0.,0.,1.));
#1159 = DEFINITIONAL_REPRESENTATION('',(#1160),#1164);
#1160 = LINE('',#1161,#1162);
#1161 = CARTESIAN_POINT('',(0.,0.));
#1162 = VECTOR('',#1163,1.);
#1163 = DIRECTION('',(1.,0.));
#1164 = ( GEOMETRIC_REPRESENTATION_CONTEXT(2) 
PARAMETRIC_REPRESENTATION_CONTEXT() REPRESENTATION_CONTEXT('2D SPACE',''
  ) );
#1165 = ORIENTED_EDGE('',*,*,#1166,.F.);
#1166 = EDGE_CURVE('',#731,#1139,#1167,.T.);
#1167 = SURFACE_CURVE('',#1168,(#1172,#1179),.PCURVE_S1.);
#1168 = LINE('',#1169,#1170);
#1169 = CARTESIAN_POINT('',(-86.5,3.,42.));
#1170 = VECTOR('',#1171,1.);
#1171 = DIRECTION('',(1.,0.,-0.));
#1172 = PCURVE('',#332,#1173);
#1173 = DEFINITIONAL_REPRESENTATION('',(#1174),#1178);
#1174 = LINE('',#1175,#1176);
#1175 = CARTESIAN_POINT('',(86.05,154.8));
#1176 = VECTOR('',#1177,1.);
#1177 = DIRECTION('',(0.,1.));
#1178 = ( GEOMETRIC_REPRESENTATION_CONTEXT(2) 
PARAMETRIC_REPRESENTATION_CONTEXT() REPRESENTATION_CONTEXT('2D SPACE',''
  ) );
#1179 = PCURVE('',#746,#1180);
#1180 = DEFINITIONAL_REPRESENTATION('',(#1181),#1185);
#1181 = LINE('',#1182,#1183);
#1182 = CARTESIAN_POINT('',(0.,0.));
#1183 = VECTOR('',#1184,1.);
#1184 = DIRECTION('',(1.,0.));
#1185 = ( GEOMETRIC_REPRESENTATION_CONTEXT(2) 
PARAMETRIC_REPRESENTATION_CONTEXT() REPRESENTATION_CONTEXT('2D SPACE',''
  ) );
#1186 = ORIENTED_EDGE('',*,*,#758,.F.);
#1187 = ORIENTED_EDGE('',*,*,#602,.T.);
#1188 = ORIENTED_EDGE('',*,*,#517,.T.);
#1189 = ORIENTED_EDGE('',*,*,#1190,.F.);
#1190 = EDGE_CURVE('',#1191,#490,#1193,.T.);
#1191 = VERTEX_POINT('',#1192);
#1192 = CARTESIAN_POINT('',(22.5,3.,42.));
#1193 = SURFACE_CURVE('',#1194,(#1198,#1205),.PCURVE_S1.);
#1194 = LINE('',#1195,#1196);
#1195 = CARTESIAN_POINT('',(22.5,3.,42.));
#1196 = VECTOR('',#1197,1.);
#1197 = DIRECTION('',(1.,0.,-0.));
#1198 = PCURVE('',#332,#1199);
#1199 = DEFINITIONAL_REPRESENTATION('',(#1200),#1204);
#1200 = LINE('',#1201,#1202);
#1201 = CARTESIAN_POINT('',(86.05,263.8));
#1202 = VECTOR('',#1203,1.);
#1203 = DIRECTION('',(0.,1.));
#1204 = ( GEOMETRIC_REPRESENTATION_CONTEXT(2) 
PARAMETRIC_REPRESENTATION_CONTEXT() REPRESENTATION_CONTEXT('2D SPACE',''
  ) );
#1205 = PCURVE('',#505,#1206);
#1206 = DEFINITIONAL_REPRESENTATION('',(#1207),#1211);
#1207 = LINE('',#1208,#1209);
#1208 = CARTESIAN_POINT('',(0.,0.));
#1209 = VECTOR('',#1210,1.);
#1210 = DIRECTION('',(1.,0.));
#1211 = ( GEOMETRIC_REPRESENTATION_CONTEXT(2) 
PARAMETRIC_REPRESENTATION_CONTEXT() REPRESENTATION_CONTEXT('2D SPACE',''
  ) );
#1212 = ORIENTED_EDGE('',*,*,#1213,.F.);
#1213 = EDGE_CURVE('',#1214,#1191,#1216,.T.);
#1214 = VERTEX_POINT('',#1215);
#1215 = CARTESIAN_POINT('',(22.5,3.,-42.));
#1216 = SURFACE_CURVE('',#1217,(#1221,#1228),.PCURVE_S1.);
#1217 = LINE('',#1218,#1219);
#1218 = CARTESIAN_POINT('',(22.5,3.,-42.));
#1219 = VECTOR('',#1220,1.);
#1220 = DIRECTION('',(0.,0.,1.));
#1221 = PCURVE('',#332,#1222);
#1222 = DEFINITIONAL_REPRESENTATION('',(#1223),#1227);
#1223 = LINE('',#1224,#1225);
#1224 = CARTESIAN_POINT('',(2.05,263.8));
#1225 = VECTOR('',#1226,1.);
#1226 = DIRECTION('',(1.,0.));
#1227 = ( GEOMETRIC_REPRESENTATION_CONTEXT(2) 
PARAMETRIC_REPRESENTATION_CONTEXT() REPRESENTATION_CONTEXT('2D SPACE',''
  ) );
#1228 = PCURVE('',#1229,#1234);
#1229 = PLANE('',#1230);
#1230 = AXIS2_PLACEMENT_3D('',#1231,#1232,#1233);
#1231 = CARTESIAN_POINT('',(22.5,3.,-42.));
#1232 = DIRECTION('',(1.,0.,-0.));
#1233 = DIRECTION('',(0.,0.,1.));
#1234 = DEFINITIONAL_REPRESENTATION('',(#1235),#1239);
#1235 = LINE('',#1236,#1237);
#1236 = CARTESIAN_POINT('',(0.,0.));
#1237 = VECTOR('',#1238,1.);
#1238 = DIRECTION('',(1.,0.));
#1239 = ( GEOMETRIC_REPRESENTATION_CONTEXT(2) 
PARAMETRIC_REPRESENTATION_CONTEXT() REPRESENTATION_CONTEXT('2D SPACE',''
  ) );
#1240 = ORIENTED_EDGE('',*,*,#1241,.T.);
#1241 = EDGE_CURVE('',#1214,#413,#1242,.T.);
#1242 = SURFACE_CURVE('',#1243,(#1247,#1254),.PCURVE_S1.);
#1243 = LINE('',#1244,#1245);
#1244 = CARTESIAN_POINT('',(22.5,3.,-42.));
#1245 = VECTOR('',#1246,1.);
#1246 = DIRECTION('',(1.,0.,-0.));
#1247 = PCURVE('',#332,#1248);
#1248 = DEFINITIONAL_REPRESENTATION('',(#1249),#1253);
#1249 = LINE('',#1250,#1251);
#1250 = CARTESIAN_POINT('',(2.05,263.8));
#1251 = VECTOR('',#1252,1.);
#1252 = DIRECTION('',(0.,1.));
#1253 = ( GEOMETRIC_REPRESENTATION_CONTEXT(2) 
PARAMETRIC_REPRESENTATION_CONTEXT() REPRESENTATION_CONTEXT('2D SPACE',''
  ) );
#1254 = PCURVE('',#450,#1255);
#1255 = DEFINITIONAL_REPRESENTATION('',(#1256),#1260);
#1256 = LINE('',#1257,#1258);
#1257 = CARTESIAN_POINT('',(0.,0.));
#1258 = VECTOR('',#1259,1.);
#1259 = DIRECTION('',(1.,0.));
#1260 = ( GEOMETRIC_REPRESENTATION_CONTEXT(2) 
PARAMETRIC_REPRESENTATION_CONTEXT() REPRESENTATION_CONTEXT('2D SPACE',''
  ) );
#1261 = ORIENTED_EDGE('',*,*,#412,.T.);
#1262 = FACE_BOUND('',#1263,.T.);
#1263 = EDGE_LOOP('',(#1264));
#1264 = ORIENTED_EDGE('',*,*,#867,.T.);
#1265 = FACE_BOUND('',#1266,.T.);
#1266 = EDGE_LOOP('',(#1267));
#1267 = ORIENTED_EDGE('',*,*,#975,.T.);
#1268 = FACE_BOUND('',#1269,.T.);
#1269 = EDGE_LOOP('',(#1270));
#1270 = ORIENTED_EDGE('',*,*,#1029,.T.);
#1271 = FACE_BOUND('',#1272,.T.);
#1272 = EDGE_LOOP('',(#1273));
#1273 = ORIENTED_EDGE('',*,*,#921,.T.);
#1274 = FACE_BOUND('',#1275,.T.);
#1275 = EDGE_LOOP('',(#1276));
#1276 = ORIENTED_EDGE('',*,*,#1083,.T.);
#1277 = ADVANCED_FACE('',(#1278),#691,.F.);
#1278 = FACE_BOUND('',#1279,.F.);
#1279 = EDGE_LOOP('',(#1280,#1281,#1282,#1305,#1333,#1361,#1389,#1417));
#1280 = ORIENTED_EDGE('',*,*,#675,.F.);
#1281 = ORIENTED_EDGE('',*,*,#1115,.T.);
#1282 = ORIENTED_EDGE('',*,*,#1283,.T.);
#1283 = EDGE_CURVE('',#1116,#1284,#1286,.T.);
#1284 = VERTEX_POINT('',#1285);
#1285 = CARTESIAN_POINT('',(-80.5,18.,-42.));
#1286 = SURFACE_CURVE('',#1287,(#1291,#1298),.PCURVE_S1.);
#1287 = LINE('',#1288,#1289);
#1288 = CARTESIAN_POINT('',(-80.5,3.,-42.));
#1289 = VECTOR('',#1290,1.);
#1290 = DIRECTION('',(-0.,1.,0.));
#1291 = PCURVE('',#691,#1292);
#1292 = DEFINITIONAL_REPRESENTATION('',(#1293),#1297);
#1293 = LINE('',#1294,#1295);
#1294 = CARTESIAN_POINT('',(6.,0.));
#1295 = VECTOR('',#1296,1.);
#1296 = DIRECTION('',(0.,1.));
#1297 = ( GEOMETRIC_REPRESENTATION_CONTEXT(2) 
PARAMETRIC_REPRESENTATION_CONTEXT() REPRESENTATION_CONTEXT('2D SPACE',''
  ) );
#1298 = PCURVE('',#1154,#1299);
#1299 = DEFINITIONAL_REPRESENTATION('',(#1300),#1304);
#1300 = LINE('',#1301,#1302);
#1301 = CARTESIAN_POINT('',(0.,0.));
#1302 = VECTOR('',#1303,1.);
#1303 = DIRECTION('',(0.,-1.));
#1304 = ( GEOMETRIC_REPRESENTATION_CONTEXT(2) 
PARAMETRIC_REPRESENTATION_CONTEXT() REPRESENTATION_CONTEXT('2D SPACE',''
  ) );
#1305 = ORIENTED_EDGE('',*,*,#1306,.F.);
#1306 = EDGE_CURVE('',#1307,#1284,#1309,.T.);
#1307 = VERTEX_POINT('',#1308);
#1308 = CARTESIAN_POINT('',(-86.5,18.,-42.));
#1309 = SURFACE_CURVE('',#1310,(#1314,#1321),.PCURVE_S1.);
#1310 = LINE('',#1311,#1312);
#1311 = CARTESIAN_POINT('',(-86.5,18.,-42.));
#1312 = VECTOR('',#1313,1.);
#1313 = DIRECTION('',(1.,0.,-0.));
#1314 = PCURVE('',#691,#1315);
#1315 = DEFINITIONAL_REPRESENTATION('',(#1316),#1320);
#1316 = LINE('',#1317,#1318);
#1317 = CARTESIAN_POINT('',(0.,15.));
#1318 = VECTOR('',#1319,1.);
#1319 = DIRECTION('',(1.,0.));
#1320 = ( GEOMETRIC_REPRESENTATION_CONTEXT(2) 
PARAMETRIC_REPRESENTATION_CONTEXT() REPRESENTATION_CONTEXT('2D SPACE',''
  ) );
#1321 = PCURVE('',#1322,#1327);
#1322 = PLANE('',#1323);
#1323 = AXIS2_PLACEMENT_3D('',#1324,#1325,#1326);
#1324 = CARTESIAN_POINT('',(-86.5,18.,-42.));
#1325 = DIRECTION('',(-0.,1.,0.));
#1326 = DIRECTION('',(0.,0.,1.));
#1327 = DEFINITIONAL_REPRESENTATION('',(#1328),#1332);
#1328 = LINE('',#1329,#1330);
#1329 = CARTESIAN_POINT('',(0.,0.));
#1330 = VECTOR('',#1331,1.);
#1331 = DIRECTION('',(0.,1.));
#1332 = ( GEOMETRIC_REPRESENTATION_CONTEXT(2) 
PARAMETRIC_REPRESENTATION_CONTEXT() REPRESENTATION_CONTEXT('2D SPACE',''
  ) );
#1333 = ORIENTED_EDGE('',*,*,#1334,.F.);
#1334 = EDGE_CURVE('',#1335,#1307,#1337,.T.);
#1335 = VERTEX_POINT('',#1336);
#1336 = CARTESIAN_POINT('',(-86.5,12.3,-42.));
#1337 = SURFACE_CURVE('',#1338,(#1342,#1349),.PCURVE_S1.);
#1338 = LINE('',#1339,#1340);
#1339 = CARTESIAN_POINT('',(-86.5,3.,-42.));
#1340 = VECTOR('',#1341,1.);
#1341 = DIRECTION('',(-0.,1.,0.));
#1342 = PCURVE('',#691,#1343);
#1343 = DEFINITIONAL_REPRESENTATION('',(#1344),#1348);
#1344 = LINE('',#1345,#1346);
#1345 = CARTESIAN_POINT('',(0.,0.));
#1346 = VECTOR('',#1347,1.);
#1347 = DIRECTION('',(0.,1.));
#1348 = ( GEOMETRIC_REPRESENTATION_CONTEXT(2) 
PARAMETRIC_REPRESENTATION_CONTEXT() REPRESENTATION_CONTEXT('2D SPACE',''
  ) );
#1349 = PCURVE('',#1350,#1355);
#1350 = PLANE('',#1351);
#1351 = AXIS2_PLACEMENT_3D('',#1352,#1353,#1354);
#1352 = CARTESIAN_POINT('',(-86.5,3.,-42.));
#1353 = DIRECTION('',(1.,0.,-0.));
#1354 = DIRECTION('',(0.,0.,1.));
#1355 = DEFINITIONAL_REPRESENTATION('',(#1356),#1360);
#1356 = LINE('',#1357,#1358);
#1357 = CARTESIAN_POINT('',(0.,0.));
#1358 = VECTOR('',#1359,1.);
#1359 = DIRECTION('',(0.,-1.));
#1360 = ( GEOMETRIC_REPRESENTATION_CONTEXT(2) 
PARAMETRIC_REPRESENTATION_CONTEXT() REPRESENTATION_CONTEXT('2D SPACE',''
  ) );
#1361 = ORIENTED_EDGE('',*,*,#1362,.F.);
#1362 = EDGE_CURVE('',#1363,#1335,#1365,.T.);
#1363 = VERTEX_POINT('',#1364);
#1364 = CARTESIAN_POINT('',(-88.45,12.3,-42.));
#1365 = SURFACE_CURVE('',#1366,(#1370,#1377),.PCURVE_S1.);
#1366 = LINE('',#1367,#1368);
#1367 = CARTESIAN_POINT('',(-88.45,12.3,-42.));
#1368 = VECTOR('',#1369,1.);
#1369 = DIRECTION('',(1.,0.,-0.));
#1370 = PCURVE('',#691,#1371);
#1371 = DEFINITIONAL_REPRESENTATION('',(#1372),#1376);
#1372 = LINE('',#1373,#1374);
#1373 = CARTESIAN_POINT('',(-1.95,9.3));
#1374 = VECTOR('',#1375,1.);
#1375 = DIRECTION('',(1.,0.));
#1376 = ( GEOMETRIC_REPRESENTATION_CONTEXT(2) 
PARAMETRIC_REPRESENTATION_CONTEXT() REPRESENTATION_CONTEXT('2D SPACE',''
  ) );
#1377 = PCURVE('',#1378,#1383);
#1378 = PLANE('',#1379);
#1379 = AXIS2_PLACEMENT_3D('',#1380,#1381,#1382);
#1380 = CARTESIAN_POINT('',(-88.45,12.3,-42.));
#1381 = DIRECTION('',(-0.,1.,0.));
#1382 = DIRECTION('',(0.,0.,1.));
#1383 = DEFINITIONAL_REPRESENTATION('',(#1384),#1388);
#1384 = LINE('',#1385,#1386);
#1385 = CARTESIAN_POINT('',(0.,0.));
#1386 = VECTOR('',#1387,1.);
#1387 = DIRECTION('',(0.,1.));
#1388 = ( GEOMETRIC_REPRESENTATION_CONTEXT(2) 
PARAMETRIC_REPRESENTATION_CONTEXT() REPRESENTATION_CONTEXT('2D SPACE',''
  ) );
#1389 = ORIENTED_EDGE('',*,*,#1390,.F.);
#1390 = EDGE_CURVE('',#1391,#1363,#1393,.T.);
#1391 = VERTEX_POINT('',#1392);
#1392 = CARTESIAN_POINT('',(-88.45,8.7,-42.));
#1393 = SURFACE_CURVE('',#1394,(#1398,#1405),.PCURVE_S1.);
#1394 = LINE('',#1395,#1396);
#1395 = CARTESIAN_POINT('',(-88.45,8.7,-42.));
#1396 = VECTOR('',#1397,1.);
#1397 = DIRECTION('',(-0.,1.,0.));
#1398 = PCURVE('',#691,#1399);
#1399 = DEFINITIONAL_REPRESENTATION('',(#1400),#1404);
#1400 = LINE('',#1401,#1402);
#1401 = CARTESIAN_POINT('',(-1.95,5.7));
#1402 = VECTOR('',#1403,1.);
#1403 = DIRECTION('',(0.,1.));
#1404 = ( GEOMETRIC_REPRESENTATION_CONTEXT(2) 
PARAMETRIC_REPRESENTATION_CONTEXT() REPRESENTATION_CONTEXT('2D SPACE',''
  ) );
#1405 = PCURVE('',#1406,#1411);
#1406 = PLANE('',#1407);
#1407 = AXIS2_PLACEMENT_3D('',#1408,#1409,#1410);
#1408 = CARTESIAN_POINT('',(-88.45,8.7,-42.));
#1409 = DIRECTION('',(1.,0.,-0.));
#1410 = DIRECTION('',(0.,0.,1.));
#1411 = DEFINITIONAL_REPRESENTATION('',(#1412),#1416);
#1412 = LINE('',#1413,#1414);
#1413 = CARTESIAN_POINT('',(0.,0.));
#1414 = VECTOR('',#1415,1.);
#1415 = DIRECTION('',(0.,-1.));
#1416 = ( GEOMETRIC_REPRESENTATION_CONTEXT(2) 
PARAMETRIC_REPRESENTATION_CONTEXT() REPRESENTATION_CONTEXT('2D SPACE',''
  ) );
#1417 = ORIENTED_EDGE('',*,*,#1418,.T.);
#1418 = EDGE_CURVE('',#1391,#676,#1419,.T.);
#1419 = SURFACE_CURVE('',#1420,(#1424,#1431),.PCURVE_S1.);
#1420 = LINE('',#1421,#1422);
#1421 = CARTESIAN_POINT('',(-88.45,8.7,-42.));
#1422 = VECTOR('',#1423,1.);
#1423 = DIRECTION('',(1.,0.,-0.));
#1424 = PCURVE('',#691,#1425);
#1425 = DEFINITIONAL_REPRESENTATION('',(#1426),#1430);
#1426 = LINE('',#1427,#1428);
#1427 = CARTESIAN_POINT('',(-1.95,5.7));
#1428 = VECTOR('',#1429,1.);
#1429 = DIRECTION('',(1.,0.));
#1430 = ( GEOMETRIC_REPRESENTATION_CONTEXT(2) 
PARAMETRIC_REPRESENTATION_CONTEXT() REPRESENTATION_CONTEXT('2D SPACE',''
  ) );
#1431 = PCURVE('',#719,#1432);
#1432 = DEFINITIONAL_REPRESENTATION('',(#1433),#1437);
#1433 = LINE('',#1434,#1435);
#1434 = CARTESIAN_POINT('',(0.,0.));
#1435 = VECTOR('',#1436,1.);
#1436 = DIRECTION('',(0.,1.));
#1437 = ( GEOMETRIC_REPRESENTATION_CONTEXT(2) 
PARAMETRIC_REPRESENTATION_CONTEXT() REPRESENTATION_CONTEXT('2D SPACE',''
  ) );
#1438 = ADVANCED_FACE('',(#1439),#719,.F.);
#1439 = FACE_BOUND('',#1440,.F.);
#1440 = EDGE_LOOP('',(#1441,#1442,#1465,#1486));
#1441 = ORIENTED_EDGE('',*,*,#1418,.F.);
#1442 = ORIENTED_EDGE('',*,*,#1443,.T.);
#1443 = EDGE_CURVE('',#1391,#1444,#1446,.T.);
#1444 = VERTEX_POINT('',#1445);
#1445 = CARTESIAN_POINT('',(-88.45,8.7,42.));
#1446 = SURFACE_CURVE('',#1447,(#1451,#1458),.PCURVE_S1.);
#1447 = LINE('',#1448,#1449);
#1448 = CARTESIAN_POINT('',(-88.45,8.7,-42.));
#1449 = VECTOR('',#1450,1.);
#1450 = DIRECTION('',(0.,0.,1.));
#1451 = PCURVE('',#719,#1452);
#1452 = DEFINITIONAL_REPRESENTATION('',(#1453),#1457);
#1453 = LINE('',#1454,#1455);
#1454 = CARTESIAN_POINT('',(0.,0.));
#1455 = VECTOR('',#1456,1.);
#1456 = DIRECTION('',(1.,0.));
#1457 = ( GEOMETRIC_REPRESENTATION_CONTEXT(2) 
PARAMETRIC_REPRESENTATION_CONTEXT() REPRESENTATION_CONTEXT('2D SPACE',''
  ) );
#1458 = PCURVE('',#1406,#1459);
#1459 = DEFINITIONAL_REPRESENTATION('',(#1460),#1464);
#1460 = LINE('',#1461,#1462);
#1461 = CARTESIAN_POINT('',(0.,0.));
#1462 = VECTOR('',#1463,1.);
#1463 = DIRECTION('',(1.,0.));
#1464 = ( GEOMETRIC_REPRESENTATION_CONTEXT(2) 
PARAMETRIC_REPRESENTATION_CONTEXT() REPRESENTATION_CONTEXT('2D SPACE',''
  ) );
#1465 = ORIENTED_EDGE('',*,*,#1466,.T.);
#1466 = EDGE_CURVE('',#1444,#704,#1467,.T.);
#1467 = SURFACE_CURVE('',#1468,(#1472,#1479),.PCURVE_S1.);
#1468 = LINE('',#1469,#1470);
#1469 = CARTESIAN_POINT('',(-88.45,8.7,42.));
#1470 = VECTOR('',#1471,1.);
#1471 = DIRECTION('',(1.,0.,-0.));
#1472 = PCURVE('',#719,#1473);
#1473 = DEFINITIONAL_REPRESENTATION('',(#1474),#1478);
#1474 = LINE('',#1475,#1476);
#1475 = CARTESIAN_POINT('',(84.,0.));
#1476 = VECTOR('',#1477,1.);
#1477 = DIRECTION('',(0.,1.));
#1478 = ( GEOMETRIC_REPRESENTATION_CONTEXT(2) 
PARAMETRIC_REPRESENTATION_CONTEXT() REPRESENTATION_CONTEXT('2D SPACE',''
  ) );
#1479 = PCURVE('',#746,#1480);
#1480 = DEFINITIONAL_REPRESENTATION('',(#1481),#1485);
#1481 = LINE('',#1482,#1483);
#1482 = CARTESIAN_POINT('',(-1.95,5.7));
#1483 = VECTOR('',#1484,1.);
#1484 = DIRECTION('',(1.,0.));
#1485 = ( GEOMETRIC_REPRESENTATION_CONTEXT(2) 
PARAMETRIC_REPRESENTATION_CONTEXT() REPRESENTATION_CONTEXT('2D SPACE',''
  ) );
#1486 = ORIENTED_EDGE('',*,*,#703,.F.);
#1487 = ADVANCED_FACE('',(#1488),#746,.T.);
#1488 = FACE_BOUND('',#1489,.T.);
#1489 = EDGE_LOOP('',(#1490,#1491,#1492,#1515,#1538,#1561,#1584,#1605));
#1490 = ORIENTED_EDGE('',*,*,#730,.F.);
#1491 = ORIENTED_EDGE('',*,*,#1166,.T.);
#1492 = ORIENTED_EDGE('',*,*,#1493,.T.);
#1493 = EDGE_CURVE('',#1139,#1494,#1496,.T.);
#1494 = VERTEX_POINT('',#1495);
#1495 = CARTESIAN_POINT('',(-80.5,18.,42.));
#1496 = SURFACE_CURVE('',#1497,(#1501,#1508),.PCURVE_S1.);
#1497 = LINE('',#1498,#1499);
#1498 = CARTESIAN_POINT('',(-80.5,3.,42.));
#1499 = VECTOR('',#1500,1.);
#1500 = DIRECTION('',(-0.,1.,0.));
#1501 = PCURVE('',#746,#1502);
#1502 = DEFINITIONAL_REPRESENTATION('',(#1503),#1507);
#1503 = LINE('',#1504,#1505);
#1504 = CARTESIAN_POINT('',(6.,0.));
#1505 = VECTOR('',#1506,1.);
#1506 = DIRECTION('',(0.,1.));
#1507 = ( GEOMETRIC_REPRESENTATION_CONTEXT(2) 
PARAMETRIC_REPRESENTATION_CONTEXT() REPRESENTATION_CONTEXT('2D SPACE',''
  ) );
#1508 = PCURVE('',#1154,#1509);
#1509 = DEFINITIONAL_REPRESENTATION('',(#1510),#1514);
#1510 = LINE('',#1511,#1512);
#1511 = CARTESIAN_POINT('',(84.,0.));
#1512 = VECTOR('',#1513,1.);
#1513 = DIRECTION('',(0.,-1.));
#1514 = ( GEOMETRIC_REPRESENTATION_CONTEXT(2) 
PARAMETRIC_REPRESENTATION_CONTEXT() REPRESENTATION_CONTEXT('2D SPACE',''
  ) );
#1515 = ORIENTED_EDGE('',*,*,#1516,.F.);
#1516 = EDGE_CURVE('',#1517,#1494,#1519,.T.);
#1517 = VERTEX_POINT('',#1518);
#1518 = CARTESIAN_POINT('',(-86.5,18.,42.));
#1519 = SURFACE_CURVE('',#1520,(#1524,#1531),.PCURVE_S1.);
#1520 = LINE('',#1521,#1522);
#1521 = CARTESIAN_POINT('',(-86.5,18.,42.));
#1522 = VECTOR('',#1523,1.);
#1523 = DIRECTION('',(1.,0.,-0.));
#1524 = PCURVE('',#746,#1525);
#1525 = DEFINITIONAL_REPRESENTATION('',(#1526),#1530);
#1526 = LINE('',#1527,#1528);
#1527 = CARTESIAN_POINT('',(0.,15.));
#1528 = VECTOR('',#1529,1.);
#1529 = DIRECTION('',(1.,0.));
#1530 = ( GEOMETRIC_REPRESENTATION_CONTEXT(2) 
PARAMETRIC_REPRESENTATION_CONTEXT() REPRESENTATION_CONTEXT('2D SPACE',''
  ) );
#1531 = PCURVE('',#1322,#1532);
#1532 = DEFINITIONAL_REPRESENTATION('',(#1533),#1537);
#1533 = LINE('',#1534,#1535);
#1534 = CARTESIAN_POINT('',(84.,0.));
#1535 = VECTOR('',#1536,1.);
#1536 = DIRECTION('',(0.,1.));
#1537 = ( GEOMETRIC_REPRESENTATION_CONTEXT(2) 
PARAMETRIC_REPRESENTATION_CONTEXT() REPRESENTATION_CONTEXT('2D SPACE',''
  ) );
#1538 = ORIENTED_EDGE('',*,*,#1539,.F.);
#1539 = EDGE_CURVE('',#1540,#1517,#1542,.T.);
#1540 = VERTEX_POINT('',#1541);
#1541 = CARTESIAN_POINT('',(-86.5,12.3,42.));
#1542 = SURFACE_CURVE('',#1543,(#1547,#1554),.PCURVE_S1.);
#1543 = LINE('',#1544,#1545);
#1544 = CARTESIAN_POINT('',(-86.5,3.,42.));
#1545 = VECTOR('',#1546,1.);
#1546 = DIRECTION('',(-0.,1.,0.));
#1547 = PCURVE('',#746,#1548);
#1548 = DEFINITIONAL_REPRESENTATION('',(#1549),#1553);
#1549 = LINE('',#1550,#1551);
#1550 = CARTESIAN_POINT('',(0.,0.));
#1551 = VECTOR('',#1552,1.);
#1552 = DIRECTION('',(0.,1.));
#1553 = ( GEOMETRIC_REPRESENTATION_CONTEXT(2) 
PARAMETRIC_REPRESENTATION_CONTEXT() REPRESENTATION_CONTEXT('2D SPACE',''
  ) );
#1554 = PCURVE('',#1350,#1555);
#1555 = DEFINITIONAL_REPRESENTATION('',(#1556),#1560);
#1556 = LINE('',#1557,#1558);
#1557 = CARTESIAN_POINT('',(84.,0.));
#1558 = VECTOR('',#1559,1.);
#1559 = DIRECTION('',(0.,-1.));
#1560 = ( GEOMETRIC_REPRESENTATION_CONTEXT(2) 
PARAMETRIC_REPRESENTATION_CONTEXT() REPRESENTATION_CONTEXT('2D SPACE',''
  ) );
#1561 = ORIENTED_EDGE('',*,*,#1562,.F.);
#1562 = EDGE_CURVE('',#1563,#1540,#1565,.T.);
#1563 = VERTEX_POINT('',#1564);
#1564 = CARTESIAN_POINT('',(-88.45,12.3,42.));
#1565 = SURFACE_CURVE('',#1566,(#1570,#1577),.PCURVE_S1.);
#1566 = LINE('',#1567,#1568);
#1567 = CARTESIAN_POINT('',(-88.45,12.3,42.));
#1568 = VECTOR('',#1569,1.);
#1569 = DIRECTION('',(1.,0.,-0.));
#1570 = PCURVE('',#746,#1571);
#1571 = DEFINITIONAL_REPRESENTATION('',(#1572),#1576);
#1572 = LINE('',#1573,#1574);
#1573 = CARTESIAN_POINT('',(-1.95,9.3));
#1574 = VECTOR('',#1575,1.);
#1575 = DIRECTION('',(1.,0.));
#1576 = ( GEOMETRIC_REPRESENTATION_CONTEXT(2) 
PARAMETRIC_REPRESENTATION_CONTEXT() REPRESENTATION_CONTEXT('2D SPACE',''
  ) );
#1577 = PCURVE('',#1378,#1578);
#1578 = DEFINITIONAL_REPRESENTATION('',(#1579),#1583);
#1579 = LINE('',#1580,#1581);
#1580 = CARTESIAN_POINT('',(84.,0.));
#1581 = VECTOR('',#1582,1.);
#1582 = DIRECTION('',(0.,1.));
#1583 = ( GEOMETRIC_REPRESENTATION_CONTEXT(2) 
PARAMETRIC_REPRESENTATION_CONTEXT() REPRESENTATION_CONTEXT('2D SPACE',''
  ) );
#1584 = ORIENTED_EDGE('',*,*,#1585,.F.);
#1585 = EDGE_CURVE('',#1444,#1563,#1586,.T.);
#1586 = SURFACE_CURVE('',#1587,(#1591,#1598),.PCURVE_S1.);
#1587 = LINE('',#1588,#1589);
#1588 = CARTESIAN_POINT('',(-88.45,8.7,42.));
#1589 = VECTOR('',#1590,1.);
#1590 = DIRECTION('',(-0.,1.,0.));
#1591 = PCURVE('',#746,#1592);
#1592 = DEFINITIONAL_REPRESENTATION('',(#1593),#1597);
#1593 = LINE('',#1594,#1595);
#1594 = CARTESIAN_POINT('',(-1.95,5.7));
#1595 = VECTOR('',#1596,1.);
#1596 = DIRECTION('',(0.,1.));
#1597 = ( GEOMETRIC_REPRESENTATION_CONTEXT(2) 
PARAMETRIC_REPRESENTATION_CONTEXT() REPRESENTATION_CONTEXT('2D SPACE',''
  ) );
#1598 = PCURVE('',#1406,#1599);
#1599 = DEFINITIONAL_REPRESENTATION('',(#1600),#1604);
#1600 = LINE('',#1601,#1602);
#1601 = CARTESIAN_POINT('',(84.,0.));
#1602 = VECTOR('',#1603,1.);
#1603 = DIRECTION('',(0.,-1.));
#1604 = ( GEOMETRIC_REPRESENTATION_CONTEXT(2) 
PARAMETRIC_REPRESENTATION_CONTEXT() REPRESENTATION_CONTEXT('2D SPACE',''
  ) );
#1605 = ORIENTED_EDGE('',*,*,#1466,.T.);
#1606 = ADVANCED_FACE('',(#1607),#797,.F.);
#1607 = FACE_BOUND('',#1608,.F.);
#1608 = EDGE_LOOP('',(#1609,#1633,#1654,#1655));
#1609 = ORIENTED_EDGE('',*,*,#1610,.F.);
#1610 = EDGE_CURVE('',#1611,#1611,#1613,.T.);
#1611 = VERTEX_POINT('',#1612);
#1612 = CARTESIAN_POINT('',(-80.5,6.,26.25));
#1613 = SURFACE_CURVE('',#1614,(#1619,#1626),.PCURVE_S1.);
#1614 = CIRCLE('',#1615,1.75);
#1615 = AXIS2_PLACEMENT_3D('',#1616,#1617,#1618);
#1616 = CARTESIAN_POINT('',(-80.5,6.,28.));
#1617 = DIRECTION('',(1.,0.,2.22044604925E-16));
#1618 = DIRECTION('',(2.22044604925E-16,0.,-1.));
#1619 = PCURVE('',#797,#1620);
#1620 = DEFINITIONAL_REPRESENTATION('',(#1621),#1625);
#1621 = LINE('',#1622,#1623);
#1622 = CARTESIAN_POINT('',(0.,16.));
#1623 = VECTOR('',#1624,1.);
#1624 = DIRECTION('',(1.,0.));
#1625 = ( GEOMETRIC_REPRESENTATION_CONTEXT(2) 
PARAMETRIC_REPRESENTATION_CONTEXT() REPRESENTATION_CONTEXT('2D SPACE',''
  ) );
#1626 = PCURVE('',#1154,#1627);
#1627 = DEFINITIONAL_REPRESENTATION('',(#1628),#1632);
#1628 = CIRCLE('',#1629,1.75);
#1629 = AXIS2_PLACEMENT_2D('',#1630,#1631);
#1630 = CARTESIAN_POINT('',(70.,-3.));
#1631 = DIRECTION('',(-1.,0.));
#1632 = ( GEOMETRIC_REPRESENTATION_CONTEXT(2) 
PARAMETRIC_REPRESENTATION_CONTEXT() REPRESENTATION_CONTEXT('2D SPACE',''
  ) );
#1633 = ORIENTED_EDGE('',*,*,#1634,.F.);
#1634 = EDGE_CURVE('',#781,#1611,#1635,.T.);
#1635 = SEAM_CURVE('',#1636,(#1640,#1647),.PCURVE_S1.);
#1636 = LINE('',#1637,#1638);
#1637 = CARTESIAN_POINT('',(-96.5,6.,26.25));
#1638 = VECTOR('',#1639,1.);
#1639 = DIRECTION('',(1.,0.,2.22044604925E-16));
#1640 = PCURVE('',#797,#1641);
#1641 = DEFINITIONAL_REPRESENTATION('',(#1642),#1646);
#1642 = LINE('',#1643,#1644);
#1643 = CARTESIAN_POINT('',(6.28318530718,-0.));
#1644 = VECTOR('',#1645,1.);
#1645 = DIRECTION('',(0.,1.));
#1646 = ( GEOMETRIC_REPRESENTATION_CONTEXT(2) 
PARAMETRIC_REPRESENTATION_CONTEXT() REPRESENTATION_CONTEXT('2D SPACE',''
  ) );
#1647 = PCURVE('',#797,#1648);
#1648 = DEFINITIONAL_REPRESENTATION('',(#1649),#1653);
#1649 = LINE('',#1650,#1651);
#1650 = CARTESIAN_POINT('',(0.,-0.));
#1651 = VECTOR('',#1652,1.);
#1652 = DIRECTION('',(0.,1.));
#1653 = ( GEOMETRIC_REPRESENTATION_CONTEXT(2) 
PARAMETRIC_REPRESENTATION_CONTEXT() REPRESENTATION_CONTEXT('2D SPACE',''
  ) );
#1654 = ORIENTED_EDGE('',*,*,#780,.T.);
#1655 = ORIENTED_EDGE('',*,*,#1634,.T.);
#1656 = ADVANCED_FACE('',(#1657),#828,.F.);
#1657 = FACE_BOUND('',#1658,.F.);
#1658 = EDGE_LOOP('',(#1659,#1683,#1704,#1705));
#1659 = ORIENTED_EDGE('',*,*,#1660,.F.);
#1660 = EDGE_CURVE('',#1661,#1661,#1663,.T.);
#1661 = VERTEX_POINT('',#1662);
#1662 = CARTESIAN_POINT('',(-80.5,6.,-29.75));
#1663 = SURFACE_CURVE('',#1664,(#1669,#1676),.PCURVE_S1.);
#1664 = CIRCLE('',#1665,1.75);
#1665 = AXIS2_PLACEMENT_3D('',#1666,#1667,#1668);
#1666 = CARTESIAN_POINT('',(-80.5,6.,-28.));
#1667 = DIRECTION('',(1.,0.,2.22044604925E-16));
#1668 = DIRECTION('',(2.22044604925E-16,0.,-1.));
#1669 = PCURVE('',#828,#1670);
#1670 = DEFINITIONAL_REPRESENTATION('',(#1671),#1675);
#1671 = LINE('',#1672,#1673);
#1672 = CARTESIAN_POINT('',(0.,16.));
#1673 = VECTOR('',#1674,1.);
#1674 = DIRECTION('',(1.,0.));
#1675 = ( GEOMETRIC_REPRESENTATION_CONTEXT(2) 
PARAMETRIC_REPRESENTATION_CONTEXT() REPRESENTATION_CONTEXT('2D SPACE',''
  ) );
#1676 = PCURVE('',#1154,#1677);
#1677 = DEFINITIONAL_REPRESENTATION('',(#1678),#1682);
#1678 = CIRCLE('',#1679,1.75);
#1679 = AXIS2_PLACEMENT_2D('',#1680,#1681);
#1680 = CARTESIAN_POINT('',(14.,-3.));
#1681 = DIRECTION('',(-1.,0.));
#1682 = ( GEOMETRIC_REPRESENTATION_CONTEXT(2) 
PARAMETRIC_REPRESENTATION_CONTEXT() REPRESENTATION_CONTEXT('2D SPACE',''
  ) );
#1683 = ORIENTED_EDGE('',*,*,#1684,.F.);
#1684 = EDGE_CURVE('',#812,#1661,#1685,.T.);
#1685 = SEAM_CURVE('',#1686,(#1690,#1697),.PCURVE_S1.);
#1686 = LINE('',#1687,#1688);
#1687 = CARTESIAN_POINT('',(-96.5,6.,-29.75));
#1688 = VECTOR('',#1689,1.);
#1689 = DIRECTION('',(1.,0.,2.22044604925E-16));
#1690 = PCURVE('',#828,#1691);
#1691 = DEFINITIONAL_REPRESENTATION('',(#1692),#1696);
#1692 = LINE('',#1693,#1694);
#1693 = CARTESIAN_POINT('',(6.28318530718,-0.));
#1694 = VECTOR('',#1695,1.);
#1695 = DIRECTION('',(0.,1.));
#1696 = ( GEOMETRIC_REPRESENTATION_CONTEXT(2) 
PARAMETRIC_REPRESENTATION_CONTEXT() REPRESENTATION_CONTEXT('2D SPACE',''
  ) );
#1697 = PCURVE('',#828,#1698);
#1698 = DEFINITIONAL_REPRESENTATION('',(#1699),#1703);
#1699 = LINE('',#1700,#1701);
#1700 = CARTESIAN_POINT('',(0.,-0.));
#1701 = VECTOR('',#1702,1.);
#1702 = DIRECTION('',(0.,1.));
#1703 = ( GEOMETRIC_REPRESENTATION_CONTEXT(2) 
PARAMETRIC_REPRESENTATION_CONTEXT() REPRESENTATION_CONTEXT('2D SPACE',''
  ) );
#1704 = ORIENTED_EDGE('',*,*,#811,.T.);
#1705 = ORIENTED_EDGE('',*,*,#1684,.T.);
#1706 = ADVANCED_FACE('',(#1707),#450,.F.);
#1707 = FACE_BOUND('',#1708,.F.);
#1708 = EDGE_LOOP('',(#1709,#1739,#1760,#1761,#1762,#1783,#1809,#1835));
#1709 = ORIENTED_EDGE('',*,*,#1710,.F.);
#1710 = EDGE_CURVE('',#1711,#1713,#1715,.T.);
#1711 = VERTEX_POINT('',#1712);
#1712 = CARTESIAN_POINT('',(22.5,18.,-42.));
#1713 = VERTEX_POINT('',#1714);
#1714 = CARTESIAN_POINT('',(28.5,18.,-42.));
#1715 = SURFACE_CURVE('',#1716,(#1720,#1727),.PCURVE_S1.);
#1716 = LINE('',#1717,#1718);
#1717 = CARTESIAN_POINT('',(22.5,18.,-42.));
#1718 = VECTOR('',#1719,1.);
#1719 = DIRECTION('',(1.,0.,-0.));
#1720 = PCURVE('',#450,#1721);
#1721 = DEFINITIONAL_REPRESENTATION('',(#1722),#1726);
#1722 = LINE('',#1723,#1724);
#1723 = CARTESIAN_POINT('',(0.,15.));
#1724 = VECTOR('',#1725,1.);
#1725 = DIRECTION('',(1.,0.));
#1726 = ( GEOMETRIC_REPRESENTATION_CONTEXT(2) 
PARAMETRIC_REPRESENTATION_CONTEXT() REPRESENTATION_CONTEXT('2D SPACE',''
  ) );
#1727 = PCURVE('',#1728,#1733);
#1728 = PLANE('',#1729);
#1729 = AXIS2_PLACEMENT_3D('',#1730,#1731,#1732);
#1730 = CARTESIAN_POINT('',(22.5,18.,-42.));
#1731 = DIRECTION('',(-0.,1.,0.));
#1732 = DIRECTION('',(0.,0.,1.));
#1733 = DEFINITIONAL_REPRESENTATION('',(#1734),#1738);
#1734 = LINE('',#1735,#1736);
#1735 = CARTESIAN_POINT('',(0.,0.));
#1736 = VECTOR('',#1737,1.);
#1737 = DIRECTION('',(0.,1.));
#1738 = ( GEOMETRIC_REPRESENTATION_CONTEXT(2) 
PARAMETRIC_REPRESENTATION_CONTEXT() REPRESENTATION_CONTEXT('2D SPACE',''
  ) );
#1739 = ORIENTED_EDGE('',*,*,#1740,.F.);
#1740 = EDGE_CURVE('',#1214,#1711,#1741,.T.);
#1741 = SURFACE_CURVE('',#1742,(#1746,#1753),.PCURVE_S1.);
#1742 = LINE('',#1743,#1744);
#1743 = CARTESIAN_POINT('',(22.5,3.,-42.));
#1744 = VECTOR('',#1745,1.);
#1745 = DIRECTION('',(-0.,1.,0.));
#1746 = PCURVE('',#450,#1747);
#1747 = DEFINITIONAL_REPRESENTATION('',(#1748),#1752);
#1748 = LINE('',#1749,#1750);
#1749 = CARTESIAN_POINT('',(0.,0.));
#1750 = VECTOR('',#1751,1.);
#1751 = DIRECTION('',(0.,1.));
#1752 = ( GEOMETRIC_REPRESENTATION_CONTEXT(2) 
PARAMETRIC_REPRESENTATION_CONTEXT() REPRESENTATION_CONTEXT('2D SPACE',''
  ) );
#1753 = PCURVE('',#1229,#1754);
#1754 = DEFINITIONAL_REPRESENTATION('',(#1755),#1759);
#1755 = LINE('',#1756,#1757);
#1756 = CARTESIAN_POINT('',(0.,0.));
#1757 = VECTOR('',#1758,1.);
#1758 = DIRECTION('',(0.,-1.));
#1759 = ( GEOMETRIC_REPRESENTATION_CONTEXT(2) 
PARAMETRIC_REPRESENTATION_CONTEXT() REPRESENTATION_CONTEXT('2D SPACE',''
  ) );
#1760 = ORIENTED_EDGE('',*,*,#1241,.T.);
#1761 = ORIENTED_EDGE('',*,*,#434,.T.);
#1762 = ORIENTED_EDGE('',*,*,#1763,.T.);
#1763 = EDGE_CURVE('',#435,#1764,#1766,.T.);
#1764 = VERTEX_POINT('',#1765);
#1765 = CARTESIAN_POINT('',(26.3,8.5,-42.));
#1766 = SURFACE_CURVE('',#1767,(#1771,#1777),.PCURVE_S1.);
#1767 = LINE('',#1768,#1769);
#1768 = CARTESIAN_POINT('',(24.4,8.5,-42.));
#1769 = VECTOR('',#1770,1.);
#1770 = DIRECTION('',(-1.,-0.,0.));
#1771 = PCURVE('',#450,#1772);
#1772 = DEFINITIONAL_REPRESENTATION('',(#1773),#1776);
#1773 = B_SPLINE_CURVE_WITH_KNOTS('',1,(#1774,#1775),.UNSPECIFIED.,.F.,
  .F.,(2,2),(-4.1,-1.9),.PIECEWISE_BEZIER_KNOTS.);
#1774 = CARTESIAN_POINT('',(6.,5.5));
#1775 = CARTESIAN_POINT('',(3.8,5.5));
#1776 = ( GEOMETRIC_REPRESENTATION_CONTEXT(2) 
PARAMETRIC_REPRESENTATION_CONTEXT() REPRESENTATION_CONTEXT('2D SPACE',''
  ) );
#1777 = PCURVE('',#478,#1778);
#1778 = DEFINITIONAL_REPRESENTATION('',(#1779),#1782);
#1779 = B_SPLINE_CURVE_WITH_KNOTS('',1,(#1780,#1781),.UNSPECIFIED.,.F.,
  .F.,(2,2),(-4.1,-1.9),.PIECEWISE_BEZIER_KNOTS.);
#1780 = CARTESIAN_POINT('',(1.,2.2));
#1781 = CARTESIAN_POINT('',(1.,0.));
#1782 = ( GEOMETRIC_REPRESENTATION_CONTEXT(2) 
PARAMETRIC_REPRESENTATION_CONTEXT() REPRESENTATION_CONTEXT('2D SPACE',''
  ) );
#1783 = ORIENTED_EDGE('',*,*,#1784,.T.);
#1784 = EDGE_CURVE('',#1764,#1785,#1787,.T.);
#1785 = VERTEX_POINT('',#1786);
#1786 = CARTESIAN_POINT('',(26.3,12.5,-42.));
#1787 = SURFACE_CURVE('',#1788,(#1792,#1798),.PCURVE_S1.);
#1788 = LINE('',#1789,#1790);
#1789 = CARTESIAN_POINT('',(26.3,5.75,-42.));
#1790 = VECTOR('',#1791,1.);
#1791 = DIRECTION('',(-0.,1.,0.));
#1792 = PCURVE('',#450,#1793);
#1793 = DEFINITIONAL_REPRESENTATION('',(#1794),#1797);
#1794 = B_SPLINE_CURVE_WITH_KNOTS('',1,(#1795,#1796),.UNSPECIFIED.,.F.,
  .F.,(2,2),(2.75,6.75),.PIECEWISE_BEZIER_KNOTS.);
#1795 = CARTESIAN_POINT('',(3.8,5.5));
#1796 = CARTESIAN_POINT('',(3.8,9.5));
#1797 = ( GEOMETRIC_REPRESENTATION_CONTEXT(2) 
PARAMETRIC_REPRESENTATION_CONTEXT() REPRESENTATION_CONTEXT('2D SPACE',''
  ) );
#1798 = PCURVE('',#1799,#1804);
#1799 = PLANE('',#1800);
#1800 = AXIS2_PLACEMENT_3D('',#1801,#1802,#1803);
#1801 = CARTESIAN_POINT('',(26.3,8.5,-43.));
#1802 = DIRECTION('',(1.,0.,-0.));
#1803 = DIRECTION('',(0.,0.,1.));
#1804 = DEFINITIONAL_REPRESENTATION('',(#1805),#1808);
#1805 = B_SPLINE_CURVE_WITH_KNOTS('',1,(#1806,#1807),.UNSPECIFIED.,.F.,
  .F.,(2,2),(2.75,6.75),.PIECEWISE_BEZIER_KNOTS.);
#1806 = CARTESIAN_POINT('',(1.,0.));
#1807 = CARTESIAN_POINT('',(1.,-4.));
#1808 = ( GEOMETRIC_REPRESENTATION_CONTEXT(2) 
PARAMETRIC_REPRESENTATION_CONTEXT() REPRESENTATION_CONTEXT('2D SPACE',''
  ) );
#1809 = ORIENTED_EDGE('',*,*,#1810,.F.);
#1810 = EDGE_CURVE('',#1811,#1785,#1813,.T.);
#1811 = VERTEX_POINT('',#1812);
#1812 = CARTESIAN_POINT('',(28.5,12.5,-42.));
#1813 = SURFACE_CURVE('',#1814,(#1818,#1824),.PCURVE_S1.);
#1814 = LINE('',#1815,#1816);
#1815 = CARTESIAN_POINT('',(24.4,12.5,-42.));
#1816 = VECTOR('',#1817,1.);
#1817 = DIRECTION('',(-1.,-0.,0.));
#1818 = PCURVE('',#450,#1819);
#1819 = DEFINITIONAL_REPRESENTATION('',(#1820),#1823);
#1820 = B_SPLINE_CURVE_WITH_KNOTS('',1,(#1821,#1822),.UNSPECIFIED.,.F.,
  .F.,(2,2),(-4.1,-1.9),.PIECEWISE_BEZIER_KNOTS.);
#1821 = CARTESIAN_POINT('',(6.,9.5));
#1822 = CARTESIAN_POINT('',(3.8,9.5));
#1823 = ( GEOMETRIC_REPRESENTATION_CONTEXT(2) 
PARAMETRIC_REPRESENTATION_CONTEXT() REPRESENTATION_CONTEXT('2D SPACE',''
  ) );
#1824 = PCURVE('',#1825,#1830);
#1825 = PLANE('',#1826);
#1826 = AXIS2_PLACEMENT_3D('',#1827,#1828,#1829);
#1827 = CARTESIAN_POINT('',(26.3,12.5,-43.));
#1828 = DIRECTION('',(-0.,1.,0.));
#1829 = DIRECTION('',(0.,0.,1.));
#1830 = DEFINITIONAL_REPRESENTATION('',(#1831),#1834);
#1831 = B_SPLINE_CURVE_WITH_KNOTS('',1,(#1832,#1833),.UNSPECIFIED.,.F.,
  .F.,(2,2),(-4.1,-1.9),.PIECEWISE_BEZIER_KNOTS.);
#1832 = CARTESIAN_POINT('',(1.,2.2));
#1833 = CARTESIAN_POINT('',(1.,0.));
#1834 = ( GEOMETRIC_REPRESENTATION_CONTEXT(2) 
PARAMETRIC_REPRESENTATION_CONTEXT() REPRESENTATION_CONTEXT('2D SPACE',''
  ) );
#1835 = ORIENTED_EDGE('',*,*,#1836,.T.);
#1836 = EDGE_CURVE('',#1811,#1713,#1837,.T.);
#1837 = SURFACE_CURVE('',#1838,(#1842,#1849),.PCURVE_S1.);
#1838 = LINE('',#1839,#1840);
#1839 = CARTESIAN_POINT('',(28.5,3.,-42.));
#1840 = VECTOR('',#1841,1.);
#1841 = DIRECTION('',(-0.,1.,0.));
#1842 = PCURVE('',#450,#1843);
#1843 = DEFINITIONAL_REPRESENTATION('',(#1844),#1848);
#1844 = LINE('',#1845,#1846);
#1845 = CARTESIAN_POINT('',(6.,0.));
#1846 = VECTOR('',#1847,1.);
#1847 = DIRECTION('',(0.,1.));
#1848 = ( GEOMETRIC_REPRESENTATION_CONTEXT(2) 
PARAMETRIC_REPRESENTATION_CONTEXT() REPRESENTATION_CONTEXT('2D SPACE',''
  ) );
#1849 = PCURVE('',#1850,#1855);
#1850 = PLANE('',#1851);
#1851 = AXIS2_PLACEMENT_3D('',#1852,#1853,#1854);
#1852 = CARTESIAN_POINT('',(28.5,3.,-42.));
#1853 = DIRECTION('',(1.,0.,-0.));
#1854 = DIRECTION('',(0.,0.,1.));
#1855 = DEFINITIONAL_REPRESENTATION('',(#1856),#1860);
#1856 = LINE('',#1857,#1858);
#1857 = CARTESIAN_POINT('',(0.,0.));
#1858 = VECTOR('',#1859,1.);
#1859 = DIRECTION('',(0.,-1.));
#1860 = ( GEOMETRIC_REPRESENTATION_CONTEXT(2) 
PARAMETRIC_REPRESENTATION_CONTEXT() REPRESENTATION_CONTEXT('2D SPACE',''
  ) );
#1861 = ADVANCED_FACE('',(#1862,#1910,#1941,#1972,#1998),#1229,.F.);
#1862 = FACE_BOUND('',#1863,.F.);
#1863 = EDGE_LOOP('',(#1864,#1865,#1866,#1889));
#1864 = ORIENTED_EDGE('',*,*,#1213,.F.);
#1865 = ORIENTED_EDGE('',*,*,#1740,.T.);
#1866 = ORIENTED_EDGE('',*,*,#1867,.T.);
#1867 = EDGE_CURVE('',#1711,#1868,#1870,.T.);
#1868 = VERTEX_POINT('',#1869);
#1869 = CARTESIAN_POINT('',(22.5,18.,42.));
#1870 = SURFACE_CURVE('',#1871,(#1875,#1882),.PCURVE_S1.);
#1871 = LINE('',#1872,#1873);
#1872 = CARTESIAN_POINT('',(22.5,18.,-42.));
#1873 = VECTOR('',#1874,1.);
#1874 = DIRECTION('',(0.,0.,1.));
#1875 = PCURVE('',#1229,#1876);
#1876 = DEFINITIONAL_REPRESENTATION('',(#1877),#1881);
#1877 = LINE('',#1878,#1879);
#1878 = CARTESIAN_POINT('',(0.,-15.));
#1879 = VECTOR('',#1880,1.);
#1880 = DIRECTION('',(1.,0.));
#1881 = ( GEOMETRIC_REPRESENTATION_CONTEXT(2) 
PARAMETRIC_REPRESENTATION_CONTEXT() REPRESENTATION_CONTEXT('2D SPACE',''
  ) );
#1882 = PCURVE('',#1728,#1883);
#1883 = DEFINITIONAL_REPRESENTATION('',(#1884),#1888);
#1884 = LINE('',#1885,#1886);
#1885 = CARTESIAN_POINT('',(0.,0.));
#1886 = VECTOR('',#1887,1.);
#1887 = DIRECTION('',(1.,0.));
#1888 = ( GEOMETRIC_REPRESENTATION_CONTEXT(2) 
PARAMETRIC_REPRESENTATION_CONTEXT() REPRESENTATION_CONTEXT('2D SPACE',''
  ) );
#1889 = ORIENTED_EDGE('',*,*,#1890,.F.);
#1890 = EDGE_CURVE('',#1191,#1868,#1891,.T.);
#1891 = SURFACE_CURVE('',#1892,(#1896,#1903),.PCURVE_S1.);
#1892 = LINE('',#1893,#1894);
#1893 = CARTESIAN_POINT('',(22.5,3.,42.));
#1894 = VECTOR('',#1895,1.);
#1895 = DIRECTION('',(-0.,1.,0.));
#1896 = PCURVE('',#1229,#1897);
#1897 = DEFINITIONAL_REPRESENTATION('',(#1898),#1902);
#1898 = LINE('',#1899,#1900);
#1899 = CARTESIAN_POINT('',(84.,0.));
#1900 = VECTOR('',#1901,1.);
#1901 = DIRECTION('',(0.,-1.));
#1902 = ( GEOMETRIC_REPRESENTATION_CONTEXT(2) 
PARAMETRIC_REPRESENTATION_CONTEXT() REPRESENTATION_CONTEXT('2D SPACE',''
  ) );
#1903 = PCURVE('',#505,#1904);
#1904 = DEFINITIONAL_REPRESENTATION('',(#1905),#1909);
#1905 = LINE('',#1906,#1907);
#1906 = CARTESIAN_POINT('',(0.,0.));
#1907 = VECTOR('',#1908,1.);
#1908 = DIRECTION('',(0.,1.));
#1909 = ( GEOMETRIC_REPRESENTATION_CONTEXT(2) 
PARAMETRIC_REPRESENTATION_CONTEXT() REPRESENTATION_CONTEXT('2D SPACE',''
  ) );
#1910 = FACE_BOUND('',#1911,.F.);
#1911 = EDGE_LOOP('',(#1912));
#1912 = ORIENTED_EDGE('',*,*,#1913,.F.);
#1913 = EDGE_CURVE('',#1914,#1914,#1916,.T.);
#1914 = VERTEX_POINT('',#1915);
#1915 = CARTESIAN_POINT('',(22.5,15.,-29.75));
#1916 = SURFACE_CURVE('',#1917,(#1922,#1929),.PCURVE_S1.);
#1917 = CIRCLE('',#1918,1.75);
#1918 = AXIS2_PLACEMENT_3D('',#1919,#1920,#1921);
#1919 = CARTESIAN_POINT('',(22.5,15.,-28.));
#1920 = DIRECTION('',(1.,0.,2.22044604925E-16));
#1921 = DIRECTION('',(2.22044604925E-16,0.,-1.));
#1922 = PCURVE('',#1229,#1923);
#1923 = DEFINITIONAL_REPRESENTATION('',(#1924),#1928);
#1924 = CIRCLE('',#1925,1.75);
#1925 = AXIS2_PLACEMENT_2D('',#1926,#1927);
#1926 = CARTESIAN_POINT('',(14.,-12.));
#1927 = DIRECTION('',(-1.,0.));
#1928 = ( GEOMETRIC_REPRESENTATION_CONTEXT(2) 
PARAMETRIC_REPRESENTATION_CONTEXT() REPRESENTATION_CONTEXT('2D SPACE',''
  ) );
#1929 = PCURVE('',#1930,#1935);
#1930 = CYLINDRICAL_SURFACE('',#1931,1.75);
#1931 = AXIS2_PLACEMENT_3D('',#1932,#1933,#1934);
#1932 = CARTESIAN_POINT('',(18.5,15.,-28.));
#1933 = DIRECTION('',(1.,0.,2.22044604925E-16));
#1934 = DIRECTION('',(2.22044604925E-16,0.,-1.));
#1935 = DEFINITIONAL_REPRESENTATION('',(#1936),#1940);
#1936 = LINE('',#1937,#1938);
#1937 = CARTESIAN_POINT('',(0.,4.));
#1938 = VECTOR('',#1939,1.);
#1939 = DIRECTION('',(1.,0.));
#1940 = ( GEOMETRIC_REPRESENTATION_CONTEXT(2) 
PARAMETRIC_REPRESENTATION_CONTEXT() REPRESENTATION_CONTEXT('2D SPACE',''
  ) );
#1941 = FACE_BOUND('',#1942,.F.);
#1942 = EDGE_LOOP('',(#1943));
#1943 = ORIENTED_EDGE('',*,*,#1944,.F.);
#1944 = EDGE_CURVE('',#1945,#1945,#1947,.T.);
#1945 = VERTEX_POINT('',#1946);
#1946 = CARTESIAN_POINT('',(22.5,15.,26.25));
#1947 = SURFACE_CURVE('',#1948,(#1953,#1960),.PCURVE_S1.);
#1948 = CIRCLE('',#1949,1.75);
#1949 = AXIS2_PLACEMENT_3D('',#1950,#1951,#1952);
#1950 = CARTESIAN_POINT('',(22.5,15.,28.));
#1951 = DIRECTION('',(1.,0.,2.22044604925E-16));
#1952 = DIRECTION('',(2.22044604925E-16,0.,-1.));
#1953 = PCURVE('',#1229,#1954);
#1954 = DEFINITIONAL_REPRESENTATION('',(#1955),#1959);
#1955 = CIRCLE('',#1956,1.75);
#1956 = AXIS2_PLACEMENT_2D('',#1957,#1958);
#1957 = CARTESIAN_POINT('',(70.,-12.));
#1958 = DIRECTION('',(-1.,0.));
#1959 = ( GEOMETRIC_REPRESENTATION_CONTEXT(2) 
PARAMETRIC_REPRESENTATION_CONTEXT() REPRESENTATION_CONTEXT('2D SPACE',''
  ) );
#1960 = PCURVE('',#1961,#1966);
#1961 = CYLINDRICAL_SURFACE('',#1962,1.75);
#1962 = AXIS2_PLACEMENT_3D('',#1963,#1964,#1965);
#1963 = CARTESIAN_POINT('',(18.5,15.,28.));
#1964 = DIRECTION('',(1.,0.,2.22044604925E-16));
#1965 = DIRECTION('',(2.22044604925E-16,0.,-1.));
#1966 = DEFINITIONAL_REPRESENTATION('',(#1967),#1971);
#1967 = LINE('',#1968,#1969);
#1968 = CARTESIAN_POINT('',(0.,4.));
#1969 = VECTOR('',#1970,1.);
#1970 = DIRECTION('',(1.,0.));
#1971 = ( GEOMETRIC_REPRESENTATION_CONTEXT(2) 
PARAMETRIC_REPRESENTATION_CONTEXT() REPRESENTATION_CONTEXT('2D SPACE',''
  ) );
#1972 = FACE_BOUND('',#1973,.F.);
#1973 = EDGE_LOOP('',(#1974));
#1974 = ORIENTED_EDGE('',*,*,#1975,.F.);
#1975 = EDGE_CURVE('',#1976,#1976,#1978,.T.);
#1976 = VERTEX_POINT('',#1977);
#1977 = CARTESIAN_POINT('',(22.5,6.,-29.75));
#1978 = SURFACE_CURVE('',#1979,(#1984,#1991),.PCURVE_S1.);
#1979 = CIRCLE('',#1980,1.75);
#1980 = AXIS2_PLACEMENT_3D('',#1981,#1982,#1983);
#1981 = CARTESIAN_POINT('',(22.5,6.,-28.));
#1982 = DIRECTION('',(1.,0.,2.22044604925E-16));
#1983 = DIRECTION('',(2.22044604925E-16,0.,-1.));
#1984 = PCURVE('',#1229,#1985);
#1985 = DEFINITIONAL_REPRESENTATION('',(#1986),#1990);
#1986 = CIRCLE('',#1987,1.75);
#1987 = AXIS2_PLACEMENT_2D('',#1988,#1989);
#1988 = CARTESIAN_POINT('',(14.,-3.));
#1989 = DIRECTION('',(-1.,0.));
#1990 = ( GEOMETRIC_REPRESENTATION_CONTEXT(2) 
PARAMETRIC_REPRESENTATION_CONTEXT() REPRESENTATION_CONTEXT('2D SPACE',''
  ) );
#1991 = PCURVE('',#587,#1992);
#1992 = DEFINITIONAL_REPRESENTATION('',(#1993),#1997);
#1993 = LINE('',#1994,#1995);
#1994 = CARTESIAN_POINT('',(0.,4.));
#1995 = VECTOR('',#1996,1.);
#1996 = DIRECTION('',(1.,0.));
#1997 = ( GEOMETRIC_REPRESENTATION_CONTEXT(2) 
PARAMETRIC_REPRESENTATION_CONTEXT() REPRESENTATION_CONTEXT('2D SPACE',''
  ) );
#1998 = FACE_BOUND('',#1999,.F.);
#1999 = EDGE_LOOP('',(#2000));
#2000 = ORIENTED_EDGE('',*,*,#2001,.F.);
#2001 = EDGE_CURVE('',#2002,#2002,#2004,.T.);
#2002 = VERTEX_POINT('',#2003);
#2003 = CARTESIAN_POINT('',(22.5,6.,26.25));
#2004 = SURFACE_CURVE('',#2005,(#2010,#2017),.PCURVE_S1.);
#2005 = CIRCLE('',#2006,1.75);
#2006 = AXIS2_PLACEMENT_3D('',#2007,#2008,#2009);
#2007 = CARTESIAN_POINT('',(22.5,6.,28.));
#2008 = DIRECTION('',(1.,0.,2.22044604925E-16));
#2009 = DIRECTION('',(2.22044604925E-16,0.,-1.));
#2010 = PCURVE('',#1229,#2011);
#2011 = DEFINITIONAL_REPRESENTATION('',(#2012),#2016);
#2012 = CIRCLE('',#2013,1.75);
#2013 = AXIS2_PLACEMENT_2D('',#2014,#2015);
#2014 = CARTESIAN_POINT('',(70.,-3.));
#2015 = DIRECTION('',(-1.,0.));
#2016 = ( GEOMETRIC_REPRESENTATION_CONTEXT(2) 
PARAMETRIC_REPRESENTATION_CONTEXT() REPRESENTATION_CONTEXT('2D SPACE',''
  ) );
#2017 = PCURVE('',#556,#2018);
#2018 = DEFINITIONAL_REPRESENTATION('',(#2019),#2023);
#2019 = LINE('',#2020,#2021);
#2020 = CARTESIAN_POINT('',(0.,4.));
#2021 = VECTOR('',#2022,1.);
#2022 = DIRECTION('',(1.,0.));
#2023 = ( GEOMETRIC_REPRESENTATION_CONTEXT(2) 
PARAMETRIC_REPRESENTATION_CONTEXT() REPRESENTATION_CONTEXT('2D SPACE',''
  ) );
#2024 = ADVANCED_FACE('',(#2025),#505,.T.);
#2025 = FACE_BOUND('',#2026,.T.);
#2026 = EDGE_LOOP('',(#2027,#2050,#2051,#2052,#2053,#2074,#2095,#2116));
#2027 = ORIENTED_EDGE('',*,*,#2028,.F.);
#2028 = EDGE_CURVE('',#1868,#2029,#2031,.T.);
#2029 = VERTEX_POINT('',#2030);
#2030 = CARTESIAN_POINT('',(28.5,18.,42.));
#2031 = SURFACE_CURVE('',#2032,(#2036,#2043),.PCURVE_S1.);
#2032 = LINE('',#2033,#2034);
#2033 = CARTESIAN_POINT('',(22.5,18.,42.));
#2034 = VECTOR('',#2035,1.);
#2035 = DIRECTION('',(1.,0.,-0.));
#2036 = PCURVE('',#505,#2037);
#2037 = DEFINITIONAL_REPRESENTATION('',(#2038),#2042);
#2038 = LINE('',#2039,#2040);
#2039 = CARTESIAN_POINT('',(0.,15.));
#2040 = VECTOR('',#2041,1.);
#2041 = DIRECTION('',(1.,0.));
#2042 = ( GEOMETRIC_REPRESENTATION_CONTEXT(2) 
PARAMETRIC_REPRESENTATION_CONTEXT() REPRESENTATION_CONTEXT('2D SPACE',''
  ) );
#2043 = PCURVE('',#1728,#2044);
#2044 = DEFINITIONAL_REPRESENTATION('',(#2045),#2049);
#2045 = LINE('',#2046,#2047);
#2046 = CARTESIAN_POINT('',(84.,0.));
#2047 = VECTOR('',#2048,1.);
#2048 = DIRECTION('',(0.,1.));
#2049 = ( GEOMETRIC_REPRESENTATION_CONTEXT(2) 
PARAMETRIC_REPRESENTATION_CONTEXT() REPRESENTATION_CONTEXT('2D SPACE',''
  ) );
#2050 = ORIENTED_EDGE('',*,*,#1890,.F.);
#2051 = ORIENTED_EDGE('',*,*,#1190,.T.);
#2052 = ORIENTED_EDGE('',*,*,#489,.T.);
#2053 = ORIENTED_EDGE('',*,*,#2054,.T.);
#2054 = EDGE_CURVE('',#463,#2055,#2057,.T.);
#2055 = VERTEX_POINT('',#2056);
#2056 = CARTESIAN_POINT('',(26.3,8.5,42.));
#2057 = SURFACE_CURVE('',#2058,(#2062,#2068),.PCURVE_S1.);
#2058 = LINE('',#2059,#2060);
#2059 = CARTESIAN_POINT('',(24.4,8.5,42.));
#2060 = VECTOR('',#2061,1.);
#2061 = DIRECTION('',(-1.,-0.,0.));
#2062 = PCURVE('',#505,#2063);
#2063 = DEFINITIONAL_REPRESENTATION('',(#2064),#2067);
#2064 = B_SPLINE_CURVE_WITH_KNOTS('',1,(#2065,#2066),.UNSPECIFIED.,.F.,
  .F.,(2,2),(-4.1,-1.9),.PIECEWISE_BEZIER_KNOTS.);
#2065 = CARTESIAN_POINT('',(6.,5.5));
#2066 = CARTESIAN_POINT('',(3.8,5.5));
#2067 = ( GEOMETRIC_REPRESENTATION_CONTEXT(2) 
PARAMETRIC_REPRESENTATION_CONTEXT() REPRESENTATION_CONTEXT('2D SPACE',''
  ) );
#2068 = PCURVE('',#478,#2069);
#2069 = DEFINITIONAL_REPRESENTATION('',(#2070),#2073);
#2070 = B_SPLINE_CURVE_WITH_KNOTS('',1,(#2071,#2072),.UNSPECIFIED.,.F.,
  .F.,(2,2),(-4.1,-1.9),.PIECEWISE_BEZIER_KNOTS.);
#2071 = CARTESIAN_POINT('',(85.,2.2));
#2072 = CARTESIAN_POINT('',(85.,0.));
#2073 = ( GEOMETRIC_REPRESENTATION_CONTEXT(2) 
PARAMETRIC_REPRESENTATION_CONTEXT() REPRESENTATION_CONTEXT('2D SPACE',''
  ) );
#2074 = ORIENTED_EDGE('',*,*,#2075,.T.);
#2075 = EDGE_CURVE('',#2055,#2076,#2078,.T.);
#2076 = VERTEX_POINT('',#2077);
#2077 = CARTESIAN_POINT('',(26.3,12.5,42.));
#2078 = SURFACE_CURVE('',#2079,(#2083,#2089),.PCURVE_S1.);
#2079 = LINE('',#2080,#2081);
#2080 = CARTESIAN_POINT('',(26.3,5.75,42.));
#2081 = VECTOR('',#2082,1.);
#2082 = DIRECTION('',(-0.,1.,0.));
#2083 = PCURVE('',#505,#2084);
#2084 = DEFINITIONAL_REPRESENTATION('',(#2085),#2088);
#2085 = B_SPLINE_CURVE_WITH_KNOTS('',1,(#2086,#2087),.UNSPECIFIED.,.F.,
  .F.,(2,2),(2.75,6.75),.PIECEWISE_BEZIER_KNOTS.);
#2086 = CARTESIAN_POINT('',(3.8,5.5));
#2087 = CARTESIAN_POINT('',(3.8,9.5));
#2088 = ( GEOMETRIC_REPRESENTATION_CONTEXT(2) 
PARAMETRIC_REPRESENTATION_CONTEXT() REPRESENTATION_CONTEXT('2D SPACE',''
  ) );
#2089 = PCURVE('',#1799,#2090);
#2090 = DEFINITIONAL_REPRESENTATION('',(#2091),#2094);
#2091 = B_SPLINE_CURVE_WITH_KNOTS('',1,(#2092,#2093),.UNSPECIFIED.,.F.,
  .F.,(2,2),(2.75,6.75),.PIECEWISE_BEZIER_KNOTS.);
#2092 = CARTESIAN_POINT('',(85.,0.));
#2093 = CARTESIAN_POINT('',(85.,-4.));
#2094 = ( GEOMETRIC_REPRESENTATION_CONTEXT(2) 
PARAMETRIC_REPRESENTATION_CONTEXT() REPRESENTATION_CONTEXT('2D SPACE',''
  ) );
#2095 = ORIENTED_EDGE('',*,*,#2096,.F.);
#2096 = EDGE_CURVE('',#2097,#2076,#2099,.T.);
#2097 = VERTEX_POINT('',#2098);
#2098 = CARTESIAN_POINT('',(28.5,12.5,42.));
#2099 = SURFACE_CURVE('',#2100,(#2104,#2110),.PCURVE_S1.);
#2100 = LINE('',#2101,#2102);
#2101 = CARTESIAN_POINT('',(24.4,12.5,42.));
#2102 = VECTOR('',#2103,1.);
#2103 = DIRECTION('',(-1.,-0.,0.));
#2104 = PCURVE('',#505,#2105);
#2105 = DEFINITIONAL_REPRESENTATION('',(#2106),#2109);
#2106 = B_SPLINE_CURVE_WITH_KNOTS('',1,(#2107,#2108),.UNSPECIFIED.,.F.,
  .F.,(2,2),(-4.1,-1.9),.PIECEWISE_BEZIER_KNOTS.);
#2107 = CARTESIAN_POINT('',(6.,9.5));
#2108 = CARTESIAN_POINT('',(3.8,9.5));
#2109 = ( GEOMETRIC_REPRESENTATION_CONTEXT(2) 
PARAMETRIC_REPRESENTATION_CONTEXT() REPRESENTATION_CONTEXT('2D SPACE',''
  ) );
#2110 = PCURVE('',#1825,#2111);
#2111 = DEFINITIONAL_REPRESENTATION('',(#2112),#2115);
#2112 = B_SPLINE_CURVE_WITH_KNOTS('',1,(#2113,#2114),.UNSPECIFIED.,.F.,
  .F.,(2,2),(-4.1,-1.9),.PIECEWISE_BEZIER_KNOTS.);
#2113 = CARTESIAN_POINT('',(85.,2.2));
#2114 = CARTESIAN_POINT('',(85.,0.));
#2115 = ( GEOMETRIC_REPRESENTATION_CONTEXT(2) 
PARAMETRIC_REPRESENTATION_CONTEXT() REPRESENTATION_CONTEXT('2D SPACE',''
  ) );
#2116 = ORIENTED_EDGE('',*,*,#2117,.T.);
#2117 = EDGE_CURVE('',#2097,#2029,#2118,.T.);
#2118 = SURFACE_CURVE('',#2119,(#2123,#2130),.PCURVE_S1.);
#2119 = LINE('',#2120,#2121);
#2120 = CARTESIAN_POINT('',(28.5,3.,42.));
#2121 = VECTOR('',#2122,1.);
#2122 = DIRECTION('',(-0.,1.,0.));
#2123 = PCURVE('',#505,#2124);
#2124 = DEFINITIONAL_REPRESENTATION('',(#2125),#2129);
#2125 = LINE('',#2126,#2127);
#2126 = CARTESIAN_POINT('',(6.,0.));
#2127 = VECTOR('',#2128,1.);
#2128 = DIRECTION('',(0.,1.));
#2129 = ( GEOMETRIC_REPRESENTATION_CONTEXT(2) 
PARAMETRIC_REPRESENTATION_CONTEXT() REPRESENTATION_CONTEXT('2D SPACE',''
  ) );
#2130 = PCURVE('',#1850,#2131);
#2131 = DEFINITIONAL_REPRESENTATION('',(#2132),#2136);
#2132 = LINE('',#2133,#2134);
#2133 = CARTESIAN_POINT('',(84.,0.));
#2134 = VECTOR('',#2135,1.);
#2135 = DIRECTION('',(0.,-1.));
#2136 = ( GEOMETRIC_REPRESENTATION_CONTEXT(2) 
PARAMETRIC_REPRESENTATION_CONTEXT() REPRESENTATION_CONTEXT('2D SPACE',''
  ) );
#2137 = ADVANCED_FACE('',(#2138,#2164,#2195,#2226,#2229),#1154,.T.);
#2138 = FACE_BOUND('',#2139,.T.);
#2139 = EDGE_LOOP('',(#2140,#2141,#2142,#2163));
#2140 = ORIENTED_EDGE('',*,*,#1138,.F.);
#2141 = ORIENTED_EDGE('',*,*,#1283,.T.);
#2142 = ORIENTED_EDGE('',*,*,#2143,.T.);
#2143 = EDGE_CURVE('',#1284,#1494,#2144,.T.);
#2144 = SURFACE_CURVE('',#2145,(#2149,#2156),.PCURVE_S1.);
#2145 = LINE('',#2146,#2147);
#2146 = CARTESIAN_POINT('',(-80.5,18.,-42.));
#2147 = VECTOR('',#2148,1.);
#2148 = DIRECTION('',(0.,0.,1.));
#2149 = PCURVE('',#1154,#2150);
#2150 = DEFINITIONAL_REPRESENTATION('',(#2151),#2155);
#2151 = LINE('',#2152,#2153);
#2152 = CARTESIAN_POINT('',(0.,-15.));
#2153 = VECTOR('',#2154,1.);
#2154 = DIRECTION('',(1.,0.));
#2155 = ( GEOMETRIC_REPRESENTATION_CONTEXT(2) 
PARAMETRIC_REPRESENTATION_CONTEXT() REPRESENTATION_CONTEXT('2D SPACE',''
  ) );
#2156 = PCURVE('',#1322,#2157);
#2157 = DEFINITIONAL_REPRESENTATION('',(#2158),#2162);
#2158 = LINE('',#2159,#2160);
#2159 = CARTESIAN_POINT('',(0.,6.));
#2160 = VECTOR('',#2161,1.);
#2161 = DIRECTION('',(1.,0.));
#2162 = ( GEOMETRIC_REPRESENTATION_CONTEXT(2) 
PARAMETRIC_REPRESENTATION_CONTEXT() REPRESENTATION_CONTEXT('2D SPACE',''
  ) );
#2163 = ORIENTED_EDGE('',*,*,#1493,.F.);
#2164 = FACE_BOUND('',#2165,.T.);
#2165 = EDGE_LOOP('',(#2166));
#2166 = ORIENTED_EDGE('',*,*,#2167,.F.);
#2167 = EDGE_CURVE('',#2168,#2168,#2170,.T.);
#2168 = VERTEX_POINT('',#2169);
#2169 = CARTESIAN_POINT('',(-80.5,15.,-29.75));
#2170 = SURFACE_CURVE('',#2171,(#2176,#2183),.PCURVE_S1.);
#2171 = CIRCLE('',#2172,1.75);
#2172 = AXIS2_PLACEMENT_3D('',#2173,#2174,#2175);
#2173 = CARTESIAN_POINT('',(-80.5,15.,-28.));
#2174 = DIRECTION('',(1.,0.,2.22044604925E-16));
#2175 = DIRECTION('',(2.22044604925E-16,0.,-1.));
#2176 = PCURVE('',#1154,#2177);
#2177 = DEFINITIONAL_REPRESENTATION('',(#2178),#2182);
#2178 = CIRCLE('',#2179,1.75);
#2179 = AXIS2_PLACEMENT_2D('',#2180,#2181);
#2180 = CARTESIAN_POINT('',(14.,-12.));
#2181 = DIRECTION('',(-1.,0.));
#2182 = ( GEOMETRIC_REPRESENTATION_CONTEXT(2) 
PARAMETRIC_REPRESENTATION_CONTEXT() REPRESENTATION_CONTEXT('2D SPACE',''
  ) );
#2183 = PCURVE('',#2184,#2189);
#2184 = CYLINDRICAL_SURFACE('',#2185,1.75);
#2185 = AXIS2_PLACEMENT_3D('',#2186,#2187,#2188);
#2186 = CARTESIAN_POINT('',(-96.5,15.,-28.));
#2187 = DIRECTION('',(1.,0.,2.22044604925E-16));
#2188 = DIRECTION('',(2.22044604925E-16,0.,-1.));
#2189 = DEFINITIONAL_REPRESENTATION('',(#2190),#2194);
#2190 = LINE('',#2191,#2192);
#2191 = CARTESIAN_POINT('',(0.,16.));
#2192 = VECTOR('',#2193,1.);
#2193 = DIRECTION('',(1.,0.));
#2194 = ( GEOMETRIC_REPRESENTATION_CONTEXT(2) 
PARAMETRIC_REPRESENTATION_CONTEXT() REPRESENTATION_CONTEXT('2D SPACE',''
  ) );
#2195 = FACE_BOUND('',#2196,.T.);
#2196 = EDGE_LOOP('',(#2197));
#2197 = ORIENTED_EDGE('',*,*,#2198,.F.);
#2198 = EDGE_CURVE('',#2199,#2199,#2201,.T.);
#2199 = VERTEX_POINT('',#2200);
#2200 = CARTESIAN_POINT('',(-80.5,15.,26.25));
#2201 = SURFACE_CURVE('',#2202,(#2207,#2214),.PCURVE_S1.);
#2202 = CIRCLE('',#2203,1.75);
#2203 = AXIS2_PLACEMENT_3D('',#2204,#2205,#2206);
#2204 = CARTESIAN_POINT('',(-80.5,15.,28.));
#2205 = DIRECTION('',(1.,0.,2.22044604925E-16));
#2206 = DIRECTION('',(2.22044604925E-16,0.,-1.));
#2207 = PCURVE('',#1154,#2208);
#2208 = DEFINITIONAL_REPRESENTATION('',(#2209),#2213);
#2209 = CIRCLE('',#2210,1.75);
#2210 = AXIS2_PLACEMENT_2D('',#2211,#2212);
#2211 = CARTESIAN_POINT('',(70.,-12.));
#2212 = DIRECTION('',(-1.,0.));
#2213 = ( GEOMETRIC_REPRESENTATION_CONTEXT(2) 
PARAMETRIC_REPRESENTATION_CONTEXT() REPRESENTATION_CONTEXT('2D SPACE',''
  ) );
#2214 = PCURVE('',#2215,#2220);
#2215 = CYLINDRICAL_SURFACE('',#2216,1.75);
#2216 = AXIS2_PLACEMENT_3D('',#2217,#2218,#2219);
#2217 = CARTESIAN_POINT('',(-96.5,15.,28.));
#2218 = DIRECTION('',(1.,0.,2.22044604925E-16));
#2219 = DIRECTION('',(2.22044604925E-16,0.,-1.));
#2220 = DEFINITIONAL_REPRESENTATION('',(#2221),#2225);
#2221 = LINE('',#2222,#2223);
#2222 = CARTESIAN_POINT('',(0.,16.));
#2223 = VECTOR('',#2224,1.);
#2224 = DIRECTION('',(1.,0.));
#2225 = ( GEOMETRIC_REPRESENTATION_CONTEXT(2) 
PARAMETRIC_REPRESENTATION_CONTEXT() REPRESENTATION_CONTEXT('2D SPACE',''
  ) );
#2226 = FACE_BOUND('',#2227,.T.);
#2227 = EDGE_LOOP('',(#2228));
#2228 = ORIENTED_EDGE('',*,*,#1660,.F.);
#2229 = FACE_BOUND('',#2230,.T.);
#2230 = EDGE_LOOP('',(#2231));
#2231 = ORIENTED_EDGE('',*,*,#1610,.F.);
#2232 = ADVANCED_FACE('',(#2233),#478,.T.);
#2233 = FACE_BOUND('',#2234,.T.);
#2234 = EDGE_LOOP('',(#2235,#2236,#2257,#2258));
#2235 = ORIENTED_EDGE('',*,*,#1763,.T.);
#2236 = ORIENTED_EDGE('',*,*,#2237,.T.);
#2237 = EDGE_CURVE('',#1764,#2055,#2238,.T.);
#2238 = SURFACE_CURVE('',#2239,(#2243,#2250),.PCURVE_S1.);
#2239 = LINE('',#2240,#2241);
#2240 = CARTESIAN_POINT('',(26.3,8.5,-43.));
#2241 = VECTOR('',#2242,1.);
#2242 = DIRECTION('',(0.,0.,1.));
#2243 = PCURVE('',#478,#2244);
#2244 = DEFINITIONAL_REPRESENTATION('',(#2245),#2249);
#2245 = LINE('',#2246,#2247);
#2246 = CARTESIAN_POINT('',(0.,0.));
#2247 = VECTOR('',#2248,1.);
#2248 = DIRECTION('',(1.,0.));
#2249 = ( GEOMETRIC_REPRESENTATION_CONTEXT(2) 
PARAMETRIC_REPRESENTATION_CONTEXT() REPRESENTATION_CONTEXT('2D SPACE',''
  ) );
#2250 = PCURVE('',#1799,#2251);
#2251 = DEFINITIONAL_REPRESENTATION('',(#2252),#2256);
#2252 = LINE('',#2253,#2254);
#2253 = CARTESIAN_POINT('',(0.,0.));
#2254 = VECTOR('',#2255,1.);
#2255 = DIRECTION('',(1.,0.));
#2256 = ( GEOMETRIC_REPRESENTATION_CONTEXT(2) 
PARAMETRIC_REPRESENTATION_CONTEXT() REPRESENTATION_CONTEXT('2D SPACE',''
  ) );
#2257 = ORIENTED_EDGE('',*,*,#2054,.F.);
#2258 = ORIENTED_EDGE('',*,*,#462,.F.);
#2259 = ADVANCED_FACE('',(#2260),#587,.F.);
#2260 = FACE_BOUND('',#2261,.F.);
#2261 = EDGE_LOOP('',(#2262,#2263,#2284,#2285));
#2262 = ORIENTED_EDGE('',*,*,#570,.F.);
#2263 = ORIENTED_EDGE('',*,*,#2264,.F.);
#2264 = EDGE_CURVE('',#1976,#571,#2265,.T.);
#2265 = SEAM_CURVE('',#2266,(#2270,#2277),.PCURVE_S1.);
#2266 = LINE('',#2267,#2268);
#2267 = CARTESIAN_POINT('',(18.5,6.,-29.75));
#2268 = VECTOR('',#2269,1.);
#2269 = DIRECTION('',(1.,0.,2.22044604925E-16));
#2270 = PCURVE('',#587,#2271);
#2271 = DEFINITIONAL_REPRESENTATION('',(#2272),#2276);
#2272 = LINE('',#2273,#2274);
#2273 = CARTESIAN_POINT('',(6.28318530718,-0.));
#2274 = VECTOR('',#2275,1.);
#2275 = DIRECTION('',(0.,1.));
#2276 = ( GEOMETRIC_REPRESENTATION_CONTEXT(2) 
PARAMETRIC_REPRESENTATION_CONTEXT() REPRESENTATION_CONTEXT('2D SPACE',''
  ) );
#2277 = PCURVE('',#587,#2278);
#2278 = DEFINITIONAL_REPRESENTATION('',(#2279),#2283);
#2279 = LINE('',#2280,#2281);
#2280 = CARTESIAN_POINT('',(0.,-0.));
#2281 = VECTOR('',#2282,1.);
#2282 = DIRECTION('',(0.,1.));
#2283 = ( GEOMETRIC_REPRESENTATION_CONTEXT(2) 
PARAMETRIC_REPRESENTATION_CONTEXT() REPRESENTATION_CONTEXT('2D SPACE',''
  ) );
#2284 = ORIENTED_EDGE('',*,*,#1975,.T.);
#2285 = ORIENTED_EDGE('',*,*,#2264,.T.);
#2286 = ADVANCED_FACE('',(#2287),#556,.F.);
#2287 = FACE_BOUND('',#2288,.F.);
#2288 = EDGE_LOOP('',(#2289,#2290,#2311,#2312));
#2289 = ORIENTED_EDGE('',*,*,#539,.F.);
#2290 = ORIENTED_EDGE('',*,*,#2291,.F.);
#2291 = EDGE_CURVE('',#2002,#540,#2292,.T.);
#2292 = SEAM_CURVE('',#2293,(#2297,#2304),.PCURVE_S1.);
#2293 = LINE('',#2294,#2295);
#2294 = CARTESIAN_POINT('',(18.5,6.,26.25));
#2295 = VECTOR('',#2296,1.);
#2296 = DIRECTION('',(1.,0.,2.22044604925E-16));
#2297 = PCURVE('',#556,#2298);
#2298 = DEFINITIONAL_REPRESENTATION('',(#2299),#2303);
#2299 = LINE('',#2300,#2301);
#2300 = CARTESIAN_POINT('',(6.28318530718,-0.));
#2301 = VECTOR('',#2302,1.);
#2302 = DIRECTION('',(0.,1.));
#2303 = ( GEOMETRIC_REPRESENTATION_CONTEXT(2) 
PARAMETRIC_REPRESENTATION_CONTEXT() REPRESENTATION_CONTEXT('2D SPACE',''
  ) );
#2304 = PCURVE('',#556,#2305);
#2305 = DEFINITIONAL_REPRESENTATION('',(#2306),#2310);
#2306 = LINE('',#2307,#2308);
#2307 = CARTESIAN_POINT('',(0.,-0.));
#2308 = VECTOR('',#2309,1.);
#2309 = DIRECTION('',(0.,1.));
#2310 = ( GEOMETRIC_REPRESENTATION_CONTEXT(2) 
PARAMETRIC_REPRESENTATION_CONTEXT() REPRESENTATION_CONTEXT('2D SPACE',''
  ) );
#2311 = ORIENTED_EDGE('',*,*,#2001,.T.);
#2312 = ORIENTED_EDGE('',*,*,#2291,.T.);
#2313 = ADVANCED_FACE('',(#2314),#1322,.T.);
#2314 = FACE_BOUND('',#2315,.T.);
#2315 = EDGE_LOOP('',(#2316,#2317,#2338,#2339));
#2316 = ORIENTED_EDGE('',*,*,#1306,.F.);
#2317 = ORIENTED_EDGE('',*,*,#2318,.T.);
#2318 = EDGE_CURVE('',#1307,#1517,#2319,.T.);
#2319 = SURFACE_CURVE('',#2320,(#2324,#2331),.PCURVE_S1.);
#2320 = LINE('',#2321,#2322);
#2321 = CARTESIAN_POINT('',(-86.5,18.,-42.));
#2322 = VECTOR('',#2323,1.);
#2323 = DIRECTION('',(0.,0.,1.));
#2324 = PCURVE('',#1322,#2325);
#2325 = DEFINITIONAL_REPRESENTATION('',(#2326),#2330);
#2326 = LINE('',#2327,#2328);
#2327 = CARTESIAN_POINT('',(0.,0.));
#2328 = VECTOR('',#2329,1.);
#2329 = DIRECTION('',(1.,0.));
#2330 = ( GEOMETRIC_REPRESENTATION_CONTEXT(2) 
PARAMETRIC_REPRESENTATION_CONTEXT() REPRESENTATION_CONTEXT('2D SPACE',''
  ) );
#2331 = PCURVE('',#1350,#2332);
#2332 = DEFINITIONAL_REPRESENTATION('',(#2333),#2337);
#2333 = LINE('',#2334,#2335);
#2334 = CARTESIAN_POINT('',(0.,-15.));
#2335 = VECTOR('',#2336,1.);
#2336 = DIRECTION('',(1.,0.));
#2337 = ( GEOMETRIC_REPRESENTATION_CONTEXT(2) 
PARAMETRIC_REPRESENTATION_CONTEXT() REPRESENTATION_CONTEXT('2D SPACE',''
  ) );
#2338 = ORIENTED_EDGE('',*,*,#1516,.T.);
#2339 = ORIENTED_EDGE('',*,*,#2143,.F.);
#2340 = ADVANCED_FACE('',(#2341,#2365,#2391),#1350,.F.);
#2341 = FACE_BOUND('',#2342,.F.);
#2342 = EDGE_LOOP('',(#2343,#2344,#2363,#2364));
#2343 = ORIENTED_EDGE('',*,*,#1539,.F.);
#2344 = ORIENTED_EDGE('',*,*,#2345,.F.);
#2345 = EDGE_CURVE('',#1335,#1540,#2346,.T.);
#2346 = SURFACE_CURVE('',#2347,(#2351,#2357),.PCURVE_S1.);
#2347 = LINE('',#2348,#2349);
#2348 = CARTESIAN_POINT('',(-86.5,12.3,-42.));
#2349 = VECTOR('',#2350,1.);
#2350 = DIRECTION('',(0.,0.,1.));
#2351 = PCURVE('',#1350,#2352);
#2352 = DEFINITIONAL_REPRESENTATION('',(#2353),#2356);
#2353 = B_SPLINE_CURVE_WITH_KNOTS('',1,(#2354,#2355),.UNSPECIFIED.,.F.,
  .F.,(2,2),(0.,84.),.PIECEWISE_BEZIER_KNOTS.);
#2354 = CARTESIAN_POINT('',(0.,-9.3));
#2355 = CARTESIAN_POINT('',(84.,-9.3));
#2356 = ( GEOMETRIC_REPRESENTATION_CONTEXT(2) 
PARAMETRIC_REPRESENTATION_CONTEXT() REPRESENTATION_CONTEXT('2D SPACE',''
  ) );
#2357 = PCURVE('',#1378,#2358);
#2358 = DEFINITIONAL_REPRESENTATION('',(#2359),#2362);
#2359 = B_SPLINE_CURVE_WITH_KNOTS('',1,(#2360,#2361),.UNSPECIFIED.,.F.,
  .F.,(2,2),(0.,84.),.PIECEWISE_BEZIER_KNOTS.);
#2360 = CARTESIAN_POINT('',(0.,1.95));
#2361 = CARTESIAN_POINT('',(84.,1.95));
#2362 = ( GEOMETRIC_REPRESENTATION_CONTEXT(2) 
PARAMETRIC_REPRESENTATION_CONTEXT() REPRESENTATION_CONTEXT('2D SPACE',''
  ) );
#2363 = ORIENTED_EDGE('',*,*,#1334,.T.);
#2364 = ORIENTED_EDGE('',*,*,#2318,.T.);
#2365 = FACE_BOUND('',#2366,.F.);
#2366 = EDGE_LOOP('',(#2367));
#2367 = ORIENTED_EDGE('',*,*,#2368,.F.);
#2368 = EDGE_CURVE('',#2369,#2369,#2371,.T.);
#2369 = VERTEX_POINT('',#2370);
#2370 = CARTESIAN_POINT('',(-86.5,15.,-29.75));
#2371 = SURFACE_CURVE('',#2372,(#2377,#2384),.PCURVE_S1.);
#2372 = CIRCLE('',#2373,1.75);
#2373 = AXIS2_PLACEMENT_3D('',#2374,#2375,#2376);
#2374 = CARTESIAN_POINT('',(-86.5,15.,-28.));
#2375 = DIRECTION('',(1.,0.,2.22044604925E-16));
#2376 = DIRECTION('',(2.22044604925E-16,0.,-1.));
#2377 = PCURVE('',#1350,#2378);
#2378 = DEFINITIONAL_REPRESENTATION('',(#2379),#2383);
#2379 = CIRCLE('',#2380,1.75);
#2380 = AXIS2_PLACEMENT_2D('',#2381,#2382);
#2381 = CARTESIAN_POINT('',(14.,-12.));
#2382 = DIRECTION('',(-1.,0.));
#2383 = ( GEOMETRIC_REPRESENTATION_CONTEXT(2) 
PARAMETRIC_REPRESENTATION_CONTEXT() REPRESENTATION_CONTEXT('2D SPACE',''
  ) );
#2384 = PCURVE('',#2184,#2385);
#2385 = DEFINITIONAL_REPRESENTATION('',(#2386),#2390);
#2386 = LINE('',#2387,#2388);
#2387 = CARTESIAN_POINT('',(0.,10.));
#2388 = VECTOR('',#2389,1.);
#2389 = DIRECTION('',(1.,0.));
#2390 = ( GEOMETRIC_REPRESENTATION_CONTEXT(2) 
PARAMETRIC_REPRESENTATION_CONTEXT() REPRESENTATION_CONTEXT('2D SPACE',''
  ) );
#2391 = FACE_BOUND('',#2392,.F.);
#2392 = EDGE_LOOP('',(#2393));
#2393 = ORIENTED_EDGE('',*,*,#2394,.F.);
#2394 = EDGE_CURVE('',#2395,#2395,#2397,.T.);
#2395 = VERTEX_POINT('',#2396);
#2396 = CARTESIAN_POINT('',(-86.5,15.,26.25));
#2397 = SURFACE_CURVE('',#2398,(#2403,#2410),.PCURVE_S1.);
#2398 = CIRCLE('',#2399,1.75);
#2399 = AXIS2_PLACEMENT_3D('',#2400,#2401,#2402);
#2400 = CARTESIAN_POINT('',(-86.5,15.,28.));
#2401 = DIRECTION('',(1.,0.,2.22044604925E-16));
#2402 = DIRECTION('',(2.22044604925E-16,0.,-1.));
#2403 = PCURVE('',#1350,#2404);
#2404 = DEFINITIONAL_REPRESENTATION('',(#2405),#2409);
#2405 = CIRCLE('',#2406,1.75);
#2406 = AXIS2_PLACEMENT_2D('',#2407,#2408);
#2407 = CARTESIAN_POINT('',(70.,-12.));
#2408 = DIRECTION('',(-1.,0.));
#2409 = ( GEOMETRIC_REPRESENTATION_CONTEXT(2) 
PARAMETRIC_REPRESENTATION_CONTEXT() REPRESENTATION_CONTEXT('2D SPACE',''
  ) );
#2410 = PCURVE('',#2215,#2411);
#2411 = DEFINITIONAL_REPRESENTATION('',(#2412),#2416);
#2412 = LINE('',#2413,#2414);
#2413 = CARTESIAN_POINT('',(0.,10.));
#2414 = VECTOR('',#2415,1.);
#2415 = DIRECTION('',(1.,0.));
#2416 = ( GEOMETRIC_REPRESENTATION_CONTEXT(2) 
PARAMETRIC_REPRESENTATION_CONTEXT() REPRESENTATION_CONTEXT('2D SPACE',''
  ) );
#2417 = ADVANCED_FACE('',(#2418),#1378,.T.);
#2418 = FACE_BOUND('',#2419,.T.);
#2419 = EDGE_LOOP('',(#2420,#2421,#2442,#2443));
#2420 = ORIENTED_EDGE('',*,*,#1362,.F.);
#2421 = ORIENTED_EDGE('',*,*,#2422,.T.);
#2422 = EDGE_CURVE('',#1363,#1563,#2423,.T.);
#2423 = SURFACE_CURVE('',#2424,(#2428,#2435),.PCURVE_S1.);
#2424 = LINE('',#2425,#2426);
#2425 = CARTESIAN_POINT('',(-88.45,12.3,-42.));
#2426 = VECTOR('',#2427,1.);
#2427 = DIRECTION('',(0.,0.,1.));
#2428 = PCURVE('',#1378,#2429);
#2429 = DEFINITIONAL_REPRESENTATION('',(#2430),#2434);
#2430 = LINE('',#2431,#2432);
#2431 = CARTESIAN_POINT('',(0.,0.));
#2432 = VECTOR('',#2433,1.);
#2433 = DIRECTION('',(1.,0.));
#2434 = ( GEOMETRIC_REPRESENTATION_CONTEXT(2) 
PARAMETRIC_REPRESENTATION_CONTEXT() REPRESENTATION_CONTEXT('2D SPACE',''
  ) );
#2435 = PCURVE('',#1406,#2436);
#2436 = DEFINITIONAL_REPRESENTATION('',(#2437),#2441);
#2437 = LINE('',#2438,#2439);
#2438 = CARTESIAN_POINT('',(0.,-3.6));
#2439 = VECTOR('',#2440,1.);
#2440 = DIRECTION('',(1.,0.));
#2441 = ( GEOMETRIC_REPRESENTATION_CONTEXT(2) 
PARAMETRIC_REPRESENTATION_CONTEXT() REPRESENTATION_CONTEXT('2D SPACE',''
  ) );
#2442 = ORIENTED_EDGE('',*,*,#1562,.T.);
#2443 = ORIENTED_EDGE('',*,*,#2345,.F.);
#2444 = ADVANCED_FACE('',(#2445),#1406,.F.);
#2445 = FACE_BOUND('',#2446,.F.);
#2446 = EDGE_LOOP('',(#2447,#2448,#2449,#2450));
#2447 = ORIENTED_EDGE('',*,*,#1443,.F.);
#2448 = ORIENTED_EDGE('',*,*,#1390,.T.);
#2449 = ORIENTED_EDGE('',*,*,#2422,.T.);
#2450 = ORIENTED_EDGE('',*,*,#1585,.F.);
#2451 = ADVANCED_FACE('',(#2452),#1728,.T.);
#2452 = FACE_BOUND('',#2453,.T.);
#2453 = EDGE_LOOP('',(#2454,#2455,#2456,#2457));
#2454 = ORIENTED_EDGE('',*,*,#1710,.F.);
#2455 = ORIENTED_EDGE('',*,*,#1867,.T.);
#2456 = ORIENTED_EDGE('',*,*,#2028,.T.);
#2457 = ORIENTED_EDGE('',*,*,#2458,.F.);
#2458 = EDGE_CURVE('',#1713,#2029,#2459,.T.);
#2459 = SURFACE_CURVE('',#2460,(#2464,#2471),.PCURVE_S1.);
#2460 = LINE('',#2461,#2462);
#2461 = CARTESIAN_POINT('',(28.5,18.,-42.));
#2462 = VECTOR('',#2463,1.);
#2463 = DIRECTION('',(0.,0.,1.));
#2464 = PCURVE('',#1728,#2465);
#2465 = DEFINITIONAL_REPRESENTATION('',(#2466),#2470);
#2466 = LINE('',#2467,#2468);
#2467 = CARTESIAN_POINT('',(0.,6.));
#2468 = VECTOR('',#2469,1.);
#2469 = DIRECTION('',(1.,0.));
#2470 = ( GEOMETRIC_REPRESENTATION_CONTEXT(2) 
PARAMETRIC_REPRESENTATION_CONTEXT() REPRESENTATION_CONTEXT('2D SPACE',''
  ) );
#2471 = PCURVE('',#1850,#2472);
#2472 = DEFINITIONAL_REPRESENTATION('',(#2473),#2477);
#2473 = LINE('',#2474,#2475);
#2474 = CARTESIAN_POINT('',(0.,-15.));
#2475 = VECTOR('',#2476,1.);
#2476 = DIRECTION('',(1.,0.));
#2477 = ( GEOMETRIC_REPRESENTATION_CONTEXT(2) 
PARAMETRIC_REPRESENTATION_CONTEXT() REPRESENTATION_CONTEXT('2D SPACE',''
  ) );
#2478 = ADVANCED_FACE('',(#2479,#2503,#2529),#1850,.T.);
#2479 = FACE_BOUND('',#2480,.T.);
#2480 = EDGE_LOOP('',(#2481,#2482,#2501,#2502));
#2481 = ORIENTED_EDGE('',*,*,#2117,.F.);
#2482 = ORIENTED_EDGE('',*,*,#2483,.F.);
#2483 = EDGE_CURVE('',#1811,#2097,#2484,.T.);
#2484 = SURFACE_CURVE('',#2485,(#2489,#2495),.PCURVE_S1.);
#2485 = LINE('',#2486,#2487);
#2486 = CARTESIAN_POINT('',(28.5,12.5,-42.5));
#2487 = VECTOR('',#2488,1.);
#2488 = DIRECTION('',(0.,0.,1.));
#2489 = PCURVE('',#1850,#2490);
#2490 = DEFINITIONAL_REPRESENTATION('',(#2491),#2494);
#2491 = B_SPLINE_CURVE_WITH_KNOTS('',1,(#2492,#2493),.UNSPECIFIED.,.F.,
  .F.,(2,2),(0.5,84.5),.PIECEWISE_BEZIER_KNOTS.);
#2492 = CARTESIAN_POINT('',(0.,-9.5));
#2493 = CARTESIAN_POINT('',(84.,-9.5));
#2494 = ( GEOMETRIC_REPRESENTATION_CONTEXT(2) 
PARAMETRIC_REPRESENTATION_CONTEXT() REPRESENTATION_CONTEXT('2D SPACE',''
  ) );
#2495 = PCURVE('',#1825,#2496);
#2496 = DEFINITIONAL_REPRESENTATION('',(#2497),#2500);
#2497 = B_SPLINE_CURVE_WITH_KNOTS('',1,(#2498,#2499),.UNSPECIFIED.,.F.,
  .F.,(2,2),(0.5,84.5),.PIECEWISE_BEZIER_KNOTS.);
#2498 = CARTESIAN_POINT('',(1.,2.2));
#2499 = CARTESIAN_POINT('',(85.,2.2));
#2500 = ( GEOMETRIC_REPRESENTATION_CONTEXT(2) 
PARAMETRIC_REPRESENTATION_CONTEXT() REPRESENTATION_CONTEXT('2D SPACE',''
  ) );
#2501 = ORIENTED_EDGE('',*,*,#1836,.T.);
#2502 = ORIENTED_EDGE('',*,*,#2458,.T.);
#2503 = FACE_BOUND('',#2504,.T.);
#2504 = EDGE_LOOP('',(#2505));
#2505 = ORIENTED_EDGE('',*,*,#2506,.F.);
#2506 = EDGE_CURVE('',#2507,#2507,#2509,.T.);
#2507 = VERTEX_POINT('',#2508);
#2508 = CARTESIAN_POINT('',(28.5,15.,-29.75));
#2509 = SURFACE_CURVE('',#2510,(#2515,#2522),.PCURVE_S1.);
#2510 = CIRCLE('',#2511,1.75);
#2511 = AXIS2_PLACEMENT_3D('',#2512,#2513,#2514);
#2512 = CARTESIAN_POINT('',(28.5,15.,-28.));
#2513 = DIRECTION('',(1.,0.,2.22044604925E-16));
#2514 = DIRECTION('',(2.22044604925E-16,0.,-1.));
#2515 = PCURVE('',#1850,#2516);
#2516 = DEFINITIONAL_REPRESENTATION('',(#2517),#2521);
#2517 = CIRCLE('',#2518,1.75);
#2518 = AXIS2_PLACEMENT_2D('',#2519,#2520);
#2519 = CARTESIAN_POINT('',(14.,-12.));
#2520 = DIRECTION('',(-1.,0.));
#2521 = ( GEOMETRIC_REPRESENTATION_CONTEXT(2) 
PARAMETRIC_REPRESENTATION_CONTEXT() REPRESENTATION_CONTEXT('2D SPACE',''
  ) );
#2522 = PCURVE('',#1930,#2523);
#2523 = DEFINITIONAL_REPRESENTATION('',(#2524),#2528);
#2524 = LINE('',#2525,#2526);
#2525 = CARTESIAN_POINT('',(0.,10.));
#2526 = VECTOR('',#2527,1.);
#2527 = DIRECTION('',(1.,0.));
#2528 = ( GEOMETRIC_REPRESENTATION_CONTEXT(2) 
PARAMETRIC_REPRESENTATION_CONTEXT() REPRESENTATION_CONTEXT('2D SPACE',''
  ) );
#2529 = FACE_BOUND('',#2530,.T.);
#2530 = EDGE_LOOP('',(#2531));
#2531 = ORIENTED_EDGE('',*,*,#2532,.F.);
#2532 = EDGE_CURVE('',#2533,#2533,#2535,.T.);
#2533 = VERTEX_POINT('',#2534);
#2534 = CARTESIAN_POINT('',(28.5,15.,26.25));
#2535 = SURFACE_CURVE('',#2536,(#2541,#2548),.PCURVE_S1.);
#2536 = CIRCLE('',#2537,1.75);
#2537 = AXIS2_PLACEMENT_3D('',#2538,#2539,#2540);
#2538 = CARTESIAN_POINT('',(28.5,15.,28.));
#2539 = DIRECTION('',(1.,0.,2.22044604925E-16));
#2540 = DIRECTION('',(2.22044604925E-16,0.,-1.));
#2541 = PCURVE('',#1850,#2542);
#2542 = DEFINITIONAL_REPRESENTATION('',(#2543),#2547);
#2543 = CIRCLE('',#2544,1.75);
#2544 = AXIS2_PLACEMENT_2D('',#2545,#2546);
#2545 = CARTESIAN_POINT('',(70.,-12.));
#2546 = DIRECTION('',(-1.,0.));
#2547 = ( GEOMETRIC_REPRESENTATION_CONTEXT(2) 
PARAMETRIC_REPRESENTATION_CONTEXT() REPRESENTATION_CONTEXT('2D SPACE',''
  ) );
#2548 = PCURVE('',#1961,#2549);
#2549 = DEFINITIONAL_REPRESENTATION('',(#2550),#2554);
#2550 = LINE('',#2551,#2552);
#2551 = CARTESIAN_POINT('',(0.,10.));
#2552 = VECTOR('',#2553,1.);
#2553 = DIRECTION('',(1.,0.));
#2554 = ( GEOMETRIC_REPRESENTATION_CONTEXT(2) 
PARAMETRIC_REPRESENTATION_CONTEXT() REPRESENTATION_CONTEXT('2D SPACE',''
  ) );
#2555 = ADVANCED_FACE('',(#2556),#1825,.F.);
#2556 = FACE_BOUND('',#2557,.F.);
#2557 = EDGE_LOOP('',(#2558,#2559,#2580,#2581));
#2558 = ORIENTED_EDGE('',*,*,#1810,.T.);
#2559 = ORIENTED_EDGE('',*,*,#2560,.T.);
#2560 = EDGE_CURVE('',#1785,#2076,#2561,.T.);
#2561 = SURFACE_CURVE('',#2562,(#2566,#2573),.PCURVE_S1.);
#2562 = LINE('',#2563,#2564);
#2563 = CARTESIAN_POINT('',(26.3,12.5,-43.));
#2564 = VECTOR('',#2565,1.);
#2565 = DIRECTION('',(0.,0.,1.));
#2566 = PCURVE('',#1825,#2567);
#2567 = DEFINITIONAL_REPRESENTATION('',(#2568),#2572);
#2568 = LINE('',#2569,#2570);
#2569 = CARTESIAN_POINT('',(0.,0.));
#2570 = VECTOR('',#2571,1.);
#2571 = DIRECTION('',(1.,0.));
#2572 = ( GEOMETRIC_REPRESENTATION_CONTEXT(2) 
PARAMETRIC_REPRESENTATION_CONTEXT() REPRESENTATION_CONTEXT('2D SPACE',''
  ) );
#2573 = PCURVE('',#1799,#2574);
#2574 = DEFINITIONAL_REPRESENTATION('',(#2575),#2579);
#2575 = LINE('',#2576,#2577);
#2576 = CARTESIAN_POINT('',(0.,-4.));
#2577 = VECTOR('',#2578,1.);
#2578 = DIRECTION('',(1.,0.));
#2579 = ( GEOMETRIC_REPRESENTATION_CONTEXT(2) 
PARAMETRIC_REPRESENTATION_CONTEXT() REPRESENTATION_CONTEXT('2D SPACE',''
  ) );
#2580 = ORIENTED_EDGE('',*,*,#2096,.F.);
#2581 = ORIENTED_EDGE('',*,*,#2483,.F.);
#2582 = ADVANCED_FACE('',(#2583),#1799,.T.);
#2583 = FACE_BOUND('',#2584,.T.);
#2584 = EDGE_LOOP('',(#2585,#2586,#2587,#2588));
#2585 = ORIENTED_EDGE('',*,*,#2237,.F.);
#2586 = ORIENTED_EDGE('',*,*,#1784,.T.);
#2587 = ORIENTED_EDGE('',*,*,#2560,.T.);
#2588 = ORIENTED_EDGE('',*,*,#2075,.F.);
#2589 = ADVANCED_FACE('',(#2590),#1930,.F.);
#2590 = FACE_BOUND('',#2591,.F.);
#2591 = EDGE_LOOP('',(#2592,#2593,#2614,#2615));
#2592 = ORIENTED_EDGE('',*,*,#2506,.F.);
#2593 = ORIENTED_EDGE('',*,*,#2594,.F.);
#2594 = EDGE_CURVE('',#1914,#2507,#2595,.T.);
#2595 = SEAM_CURVE('',#2596,(#2600,#2607),.PCURVE_S1.);
#2596 = LINE('',#2597,#2598);
#2597 = CARTESIAN_POINT('',(18.5,15.,-29.75));
#2598 = VECTOR('',#2599,1.);
#2599 = DIRECTION('',(1.,0.,2.22044604925E-16));
#2600 = PCURVE('',#1930,#2601);
#2601 = DEFINITIONAL_REPRESENTATION('',(#2602),#2606);
#2602 = LINE('',#2603,#2604);
#2603 = CARTESIAN_POINT('',(6.28318530718,-0.));
#2604 = VECTOR('',#2605,1.);
#2605 = DIRECTION('',(0.,1.));
#2606 = ( GEOMETRIC_REPRESENTATION_CONTEXT(2) 
PARAMETRIC_REPRESENTATION_CONTEXT() REPRESENTATION_CONTEXT('2D SPACE',''
  ) );
#2607 = PCURVE('',#1930,#2608);
#2608 = DEFINITIONAL_REPRESENTATION('',(#2609),#2613);
#2609 = LINE('',#2610,#2611);
#2610 = CARTESIAN_POINT('',(0.,-0.));
#2611 = VECTOR('',#2612,1.);
#2612 = DIRECTION('',(0.,1.));
#2613 = ( GEOMETRIC_REPRESENTATION_CONTEXT(2) 
PARAMETRIC_REPRESENTATION_CONTEXT() REPRESENTATION_CONTEXT('2D SPACE',''
  ) );
#2614 = ORIENTED_EDGE('',*,*,#1913,.T.);
#2615 = ORIENTED_EDGE('',*,*,#2594,.T.);
#2616 = ADVANCED_FACE('',(#2617),#1961,.F.);
#2617 = FACE_BOUND('',#2618,.F.);
#2618 = EDGE_LOOP('',(#2619,#2620,#2641,#2642));
#2619 = ORIENTED_EDGE('',*,*,#2532,.F.);
#2620 = ORIENTED_EDGE('',*,*,#2621,.F.);
#2621 = EDGE_CURVE('',#1945,#2533,#2622,.T.);
#2622 = SEAM_CURVE('',#2623,(#2627,#2634),.PCURVE_S1.);
#2623 = LINE('',#2624,#2625);
#2624 = CARTESIAN_POINT('',(18.5,15.,26.25));
#2625 = VECTOR('',#2626,1.);
#2626 = DIRECTION('',(1.,0.,2.22044604925E-16));
#2627 = PCURVE('',#1961,#2628);
#2628 = DEFINITIONAL_REPRESENTATION('',(#2629),#2633);
#2629 = LINE('',#2630,#2631);
#2630 = CARTESIAN_POINT('',(6.28318530718,-0.));
#2631 = VECTOR('',#2632,1.);
#2632 = DIRECTION('',(0.,1.));
#2633 = ( GEOMETRIC_REPRESENTATION_CONTEXT(2) 
PARAMETRIC_REPRESENTATION_CONTEXT() REPRESENTATION_CONTEXT('2D SPACE',''
  ) );
#2634 = PCURVE('',#1961,#2635);
#2635 = DEFINITIONAL_REPRESENTATION('',(#2636),#2640);
#2636 = LINE('',#2637,#2638);
#2637 = CARTESIAN_POINT('',(0.,-0.));
#2638 = VECTOR('',#2639,1.);
#2639 = DIRECTION('',(0.,1.));
#2640 = ( GEOMETRIC_REPRESENTATION_CONTEXT(2) 
PARAMETRIC_REPRESENTATION_CONTEXT() REPRESENTATION_CONTEXT('2D SPACE',''
  ) );
#2641 = ORIENTED_EDGE('',*,*,#1944,.T.);
#2642 = ORIENTED_EDGE('',*,*,#2621,.T.);
#2643 = ADVANCED_FACE('',(#2644),#2184,.F.);
#2644 = FACE_BOUND('',#2645,.F.);
#2645 = EDGE_LOOP('',(#2646,#2647,#2668,#2669));
#2646 = ORIENTED_EDGE('',*,*,#2167,.F.);
#2647 = ORIENTED_EDGE('',*,*,#2648,.F.);
#2648 = EDGE_CURVE('',#2369,#2168,#2649,.T.);
#2649 = SEAM_CURVE('',#2650,(#2654,#2661),.PCURVE_S1.);
#2650 = LINE('',#2651,#2652);
#2651 = CARTESIAN_POINT('',(-96.5,15.,-29.75));
#2652 = VECTOR('',#2653,1.);
#2653 = DIRECTION('',(1.,0.,2.22044604925E-16));
#2654 = PCURVE('',#2184,#2655);
#2655 = DEFINITIONAL_REPRESENTATION('',(#2656),#2660);
#2656 = LINE('',#2657,#2658);
#2657 = CARTESIAN_POINT('',(6.28318530718,-0.));
#2658 = VECTOR('',#2659,1.);
#2659 = DIRECTION('',(0.,1.));
#2660 = ( GEOMETRIC_REPRESENTATION_CONTEXT(2) 
PARAMETRIC_REPRESENTATION_CONTEXT() REPRESENTATION_CONTEXT('2D SPACE',''
  ) );
#2661 = PCURVE('',#2184,#2662);
#2662 = DEFINITIONAL_REPRESENTATION('',(#2663),#2667);
#2663 = LINE('',#2664,#2665);
#2664 = CARTESIAN_POINT('',(0.,-0.));
#2665 = VECTOR('',#2666,1.);
#2666 = DIRECTION('',(0.,1.));
#2667 = ( GEOMETRIC_REPRESENTATION_CONTEXT(2) 
PARAMETRIC_REPRESENTATION_CONTEXT() REPRESENTATION_CONTEXT('2D SPACE',''
  ) );
#2668 = ORIENTED_EDGE('',*,*,#2368,.T.);
#2669 = ORIENTED_EDGE('',*,*,#2648,.T.);
#2670 = ADVANCED_FACE('',(#2671),#2215,.F.);
#2671 = FACE_BOUND('',#2672,.F.);
#2672 = EDGE_LOOP('',(#2673,#2674,#2695,#2696));
#2673 = ORIENTED_EDGE('',*,*,#2198,.F.);
#2674 = ORIENTED_EDGE('',*,*,#2675,.F.);
#2675 = EDGE_CURVE('',#2395,#2199,#2676,.T.);
#2676 = SEAM_CURVE('',#2677,(#2681,#2688),.PCURVE_S1.);
#2677 = LINE('',#2678,#2679);
#2678 = CARTESIAN_POINT('',(-96.5,15.,26.25));
#2679 = VECTOR('',#2680,1.);
#2680 = DIRECTION('',(1.,0.,2.22044604925E-16));
#2681 = PCURVE('',#2215,#2682);
#2682 = DEFINITIONAL_REPRESENTATION('',(#2683),#2687);
#2683 = LINE('',#2684,#2685);
#2684 = CARTESIAN_POINT('',(6.28318530718,-0.));
#2685 = VECTOR('',#2686,1.);
#2686 = DIRECTION('',(0.,1.));
#2687 = ( GEOMETRIC_REPRESENTATION_CONTEXT(2) 
PARAMETRIC_REPRESENTATION_CONTEXT() REPRESENTATION_CONTEXT('2D SPACE',''
  ) );
#2688 = PCURVE('',#2215,#2689);
#2689 = DEFINITIONAL_REPRESENTATION('',(#2690),#2694);
#2690 = LINE('',#2691,#2692);
#2691 = CARTESIAN_POINT('',(0.,-0.));
#2692 = VECTOR('',#2693,1.);
#2693 = DIRECTION('',(0.,1.));
#2694 = ( GEOMETRIC_REPRESENTATION_CONTEXT(2) 
PARAMETRIC_REPRESENTATION_CONTEXT() REPRESENTATION_CONTEXT('2D SPACE',''
  ) );
#2695 = ORIENTED_EDGE('',*,*,#2394,.T.);
#2696 = ORIENTED_EDGE('',*,*,#2675,.T.);
#2697 = ( GEOMETRIC_REPRESENTATION_CONTEXT(3) 
GLOBAL_UNCERTAINTY_ASSIGNED_CONTEXT((#2701)) 
GLOBAL_UNIT_ASSIGNED_CONTEXT((#2698,#2699,#2700)) REPRESENTATION_CONTEXT
('Context #1','3D Context with UNIT and UNCERTAINTY') );
#2698 = ( LENGTH_UNIT() NAMED_UNIT(*) SI_UNIT(.MILLI.,.METRE.) );
#2699 = ( NAMED_UNIT(*) PLANE_ANGLE_UNIT() SI_UNIT($,.RADIAN.) );
#2700 = ( NAMED_UNIT(*) SI_UNIT($,.STERADIAN.) SOLID_ANGLE_UNIT() );
#2701 = UNCERTAINTY_MEASURE_WITH_UNIT(LENGTH_MEASURE(2.E-07),#2698,
  'distance_accuracy_value','confusion accuracy');
#2702 = PRODUCT_RELATED_PRODUCT_CATEGORY('part',$,(#7));
#2703 = MECHANICAL_DESIGN_GEOMETRIC_PRESENTATION_REPRESENTATION('',(
    #2704),#2697);
#2704 = STYLED_ITEM('color',(#2705),#15);
#2705 = PRESENTATION_STYLE_ASSIGNMENT((#2706));
#2706 = SURFACE_STYLE_USAGE(.BOTH.,#2707);
#2707 = SURFACE_SIDE_STYLE('',(#2708));
#2708 = SURFACE_STYLE_FILL_AREA(#2709);
#2709 = FILL_AREA_STYLE('',(#2710));
#2710 = FILL_AREA_STYLE_COLOUR('',#2711);
#2711 = COLOUR_RGB('',0.319999999843,0.319999999843,0.339999993741);

#2712=DESCRIPTIVE_REPRESENTATION_ITEM('cadpy:generator','cadpy');
#2713=REPRESENTATION('cadpy:generator',(#2712),#2697);
#2714=PROPERTY_DEFINITION('cadpy metadata','cadpy:generator',#5);
#2715=PROPERTY_DEFINITION_REPRESENTATION(#2714,#2713);
#2716=DESCRIPTIVE_REPRESENTATION_ITEM('cadpy:entryKind','part');
#2717=REPRESENTATION('cadpy:entryKind',(#2716),#2697);
#2718=PROPERTY_DEFINITION('cadpy metadata','cadpy:entryKind',#5);
#2719=PROPERTY_DEFINITION_REPRESENTATION(#2718,#2717);
#2720=DESCRIPTIVE_REPRESENTATION_ITEM('cadpy:sourcePath','seg_mid.py');
#2721=REPRESENTATION('cadpy:sourcePath',(#2720),#2697);
#2722=PROPERTY_DEFINITION('cadpy metadata','cadpy:sourcePath',#5);
#2723=PROPERTY_DEFINITION_REPRESENTATION(#2722,#2721);
#2724=DESCRIPTIVE_REPRESENTATION_ITEM('cadpy:sourceHash','52c984713905c17534e2ae6a26388a8cf3f704b7667095bcea1f251b044e4df0');
#2725=REPRESENTATION('cadpy:sourceHash',(#2724),#2697);
#2726=PROPERTY_DEFINITION('cadpy metadata','cadpy:sourceHash',#5);
#2727=PROPERTY_DEFINITION_REPRESENTATION(#2726,#2725);
ENDSEC;
END-ISO-10303-21;
